"fecha_hora","organizacion_o_reparticion","puesto_o_area_recomendada","idioma_recomendado","correo","recomendacion","plantilla_thunderbird","estado","detalle","archivo_eml"
"2026-07-31T00:55:26-03:00","UNED — Servicio de Gestión de Personal Docente e Investigador","Criptografía, seguridad informática, matemática discreta, autómatas, física, informática, telecomunicaciones e ingeniería","español-académico","personaldocente@adm.uned.es","Probable — Área central de Personal Docente e Investigador; enviar CV académico con presentación breve.","Enviar CV: docencia","ENVIADO","SMTP aceptó el mensaje","/home/jfcrypt/Documents/Proyectos/CVSender/CVSender_state/archivo_eml/enviados/2026-07-31/005522_688792_personaldocente@adm.uned.es_espanol-academico_ac21c1567919.eml"
"2026-07-31T00:55:31-03:00","UNED — Concursos de plazas de profesorado","Docencia e investigación en informática, ciberseguridad, matemática, física e ingeniería","español-académico","personaldocente.plazas@adm.uned.es","Directo — Enviar CV y antecedentes cuando exista una plaza o bolsa compatible.","Enviar CV: docencia","ENVIADO","SMTP aceptó el mensaje","/home/jfcrypt/Documents/Proyectos/CVSender/CVSender_state/archivo_eml/enviados/2026-07-31/005529_109012_personaldocente.plazas@adm.uned.es_espanol-academico_725bdeea6929.eml"
"2026-07-31T00:55:39-03:00","UNED — Secretaría del Vicerrectorado de Personal Docente e Investigador","Profesor, investigador-docente o profesor tutor en áreas tecnológicas","español-académico","vrector-profesorado@adm.uned.es","Derivación — Solicitar que el CV sea remitido al servicio o departamento académico competente.","Enviar CV: docencia","ENVIADO","SMTP aceptó el mensaje","/home/jfcrypt/Documents/Proyectos/CVSender/CVSender_state/archivo_eml/enviados/2026-07-31/005534_954915_vrector-profesorado@adm.uned.es_espanol-academico_c38f1c8f0454.eml"
"2026-07-31T00:55:45-03:00","UNED — Sección de Profesores Tutores","Profesor tutor en informática, matemática, física, seguridad, redes o áreas afines","español-académico","seccion-prof-tutores@adm.uned.es","Probable — Área directamente vinculada con profesorado tutor; enviar CV y solicitar consideración para futuras plazas.","Enviar CV: docencia","ENVIADO","SMTP aceptó el mensaje","/home/jfcrypt/Documents/Proyectos/CVSender/CVSender_state/archivo_eml/enviados/2026-07-31/005542_062175_seccion-prof-tutores@adm.uned.es_espanol-academico_8ab7ccdd7e5d.eml"
"2026-07-31T00:55:51-03:00","UNED — Gestión de contratos de personal investigador","Investigación en criptografía, ciberseguridad, computación, redes o ingeniería","español-académico","personaldocente.investigacion@adm.uned.es","Probable — Área de contratos de investigación; enviar CV académico y líneas de investigación.","Enviar CV: docencia","ENVIADO","SMTP aceptó el mensaje","/home/jfcrypt/Documents/Proyectos/CVSender/CVSender_state/archivo_eml/enviados/2026-07-31/005548_207446_personaldocente.investigacion@adm.uned.es_espanol-academico_80637537b3cb.eml"
"2026-07-31T00:55:58-03:00","UOC — Dirección de los Estudios de Informática, Multimedia y Telecomunicación","Ingeniería Informática, ciberseguridad, redes, IA, datos, sistemas, matemática discreta y fundamentos de computación","español-académico","drierat@uoc.edu","Derivación — Director de los estudios tecnológicos; solicitar incorporación o remisión del CV al área de profesorado colaborador.","Enviar CV: docencia","ENVIADO","SMTP aceptó el mensaje","/home/jfcrypt/Documents/Proyectos/CVSender/CVSender_state/archivo_eml/enviados/2026-07-31/005554_693012_drierat@uoc.edu_espanol-academico_fd53190cb711.eml"
"2026-07-31T00:56:04-03:00","UDIMA — Dirección de la Escuela de Ciencias Técnicas e Ingeniería","Ingeniería Informática, electrónica, sistemas, redes, IA, matemática, física y tecnología","español-académico","isaac.seoane@udima.es","Derivación — Director de la Escuela; enviar CV y solicitar remisión al área responsable de contratación docente.","Enviar CV: docencia","ENVIADO","SMTP aceptó el mensaje","/home/jfcrypt/Documents/Proyectos/CVSender/CVSender_state/archivo_eml/enviados/2026-07-31/005601_310078_isaac.seoane@udima.es_espanol-academico_dfe8a2fe313e.eml"
"2026-07-31T00:56:11-03:00","UDIMA — Dirección del Departamento de Ingeniería Informática","Seguridad informática, redes, sistemas, programación, teoría de la computación, matemática y física","español-académico","juanjose.moreno@udima.es","Probable — Dirección académica directamente relacionada; enviar CV con materias y disponibilidad docente.","Enviar CV: docencia","ENVIADO","SMTP aceptó el mensaje","/home/jfcrypt/Documents/Proyectos/CVSender/CVSender_state/archivo_eml/enviados/2026-07-31/005607_975495_juanjose.moreno@udima.es_espanol-academico_a74252ba3b19.eml"
"2026-07-31T00:56:19-03:00","UNIR — Oficina Técnica de Evaluación Docente","Docencia universitaria virtual en informática, ciberseguridad, datos, IA, matemática y áreas tecnológicas","español-académico","evaluacionpdi@unir.net","Probable — Área institucional vinculada con el PDI; enviar CV y solicitar derivación a selección de profesorado.","Enviar CV: docencia","ERROR","SMTPDataError: (554, b'6.6.0 Error sending message for delivery.')","/home/jfcrypt/Documents/Proyectos/CVSender/CVSender_state/archivo_eml/errores/2026-07-31/005614_825741_evaluacionpdi@unir.net_espanol-academico_f7639460746a.eml"
"2026-07-31T00:56:24-03:00","UNIR — Unidad de Acreditaciones del Profesorado","Profesor o investigador-docente en informática, seguridad, computación, matemática y tecnología","español-académico","acreditaciones@unir.net","Derivación — Unidad académica vinculada al profesorado; solicitar reenvío del CV al área de selección docente.","Enviar CV: docencia","ERROR","SMTPDataError: (554, b'6.6.0 Error sending message for delivery.')","/home/jfcrypt/Documents/Proyectos/CVSender/CVSender_state/archivo_eml/errores/2026-07-31/005622_028391_acreditaciones@unir.net_espanol-academico_74c0a86166dc.eml"
"2026-07-31T00:56:30-03:00","UNIR — Desarrollo académico del profesorado","Docencia virtual, investigación y coordinación académica en áreas tecnológicas","español-académico","ayudas.academicas@unir.net","Derivación — Contacto institucional de desarrollo del PDI; solicitar remisión a contratación o dirección académica competente.","Enviar CV: docencia","ERROR","SMTPDataError: (554, b'6.6.0 Error sending message for delivery.')","/home/jfcrypt/Documents/Proyectos/CVSender/CVSender_state/archivo_eml/errores/2026-07-31/005627_815174_ayudas.academicas@unir.net_espanol-academico_bf91a6811a99.eml"
"2026-07-31T01:00:09-03:00","UNIR — Oficina Técnica de Evaluación Docente","Docencia universitaria virtual en informática, ciberseguridad, datos, IA, matemática y áreas tecnológicas","español-académico","evaluacionpdi@unir.net","Probable — Área institucional vinculada con el PDI; enviar CV y solicitar derivación a selección de profesorado.","Enviar CV: docencia","ENVIADO","SMTP aceptó el mensaje","/home/jfcrypt/Documents/Proyectos/CVSender/CVSender_state/archivo_eml/enviados/2026-07-31/010005_724038_evaluacionpdi@unir.net_espanol-academico_2a4094806969.eml"
"2026-07-31T01:00:15-03:00","UNIR — Unidad de Acreditaciones del Profesorado","Profesor o investigador-docente en informática, seguridad, computación, matemática y tecnología","español-académico","acreditaciones@unir.net","Derivación — Unidad académica vinculada al profesorado; solicitar reenvío del CV al área de selección docente.","Enviar CV: docencia","ENVIADO","SMTP aceptó el mensaje","/home/jfcrypt/Documents/Proyectos/CVSender/CVSender_state/archivo_eml/enviados/2026-07-31/010012_438206_acreditaciones@unir.net_espanol-academico_303b18d2bd0b.eml"
"2026-07-31T01:00:21-03:00","UNIR — Desarrollo académico del profesorado","Docencia virtual, investigación y coordinación académica en áreas tecnológicas","español-académico","ayudas.academicas@unir.net","Derivación — Contacto institucional de desarrollo del PDI; solicitar remisión a contratación o dirección académica competente.","Enviar CV: docencia","ENVIADO","SMTP aceptó el mensaje","/home/jfcrypt/Documents/Proyectos/CVSender/CVSender_state/archivo_eml/enviados/2026-07-31/010018_574116_ayudas.academicas@unir.net_espanol-academico_80c8d6e38a74.eml"
"2026-07-31T01:13:45-03:00","IACON","Automatización industrial, robótica, integración de sistemas, PLC, control y digitalización de procesos","español-industrial","rrhh@iacon.com.ar","Directo — Enviar CV directamente.","Enviar CV","ENVIADO","SMTP aceptó el mensaje","/home/jfcrypt/Documents/Proyectos/CVSender/CVSender_state/archivo_eml/enviados/2026-07-31/011342_730989_rrhh@iacon.com.ar_espanol-industrial_f122ec1ea34e.eml"
"2026-07-31T01:13:58-03:00","CRUXAR SRL","Automatización industrial, sistemas de control, Siemens PCS 7, integración y puesta en marcha","español-industrial","rrhh@cruxar.com.ar","Directo — Enviar CV directamente.","Enviar CV","ENVIADO","SMTP aceptó el mensaje","/home/jfcrypt/Documents/Proyectos/CVSender/CVSender_state/archivo_eml/enviados/2026-07-31/011355_796120_rrhh@cruxar.com.ar_espanol-industrial_be38b010d764.eml"
"2026-07-31T01:14:11-03:00","Electrotech SRL","PLC, SCADA, HMI, redes industriales, instrumentación e integración con MES, ERP o SAP","español-industrial","rrhh@electrotechsrl.com.ar","Directo — Enviar CV directamente.","Enviar CV","ENVIADO","SMTP aceptó el mensaje","/home/jfcrypt/Documents/Proyectos/CVSender/CVSender_state/archivo_eml/enviados/2026-07-31/011408_611286_rrhh@electrotechsrl.com.ar_espanol-industrial_f53a4e7a2d63.eml"
"2026-07-31T01:14:24-03:00","TREND Ingeniería","Automatización, control industrial, instrumentación, ingeniería eléctrica y proyectos multidisciplinarios","español-industrial","rrhh@trendingenieria.com.ar","Directo — Enviar CV directamente.","Enviar CV","ENVIADO","SMTP aceptó el mensaje","/home/jfcrypt/Documents/Proyectos/CVSender/CVSender_state/archivo_eml/enviados/2026-07-31/011421_493986_rrhh@trendingenieria.com.ar_espanol-industrial_34b8f98b7e63.eml"
"2026-07-31T01:14:36-03:00","ACI Ingeniería SA","Automatización, instrumentación, electricidad, telecomunicaciones, control e ingeniería industrial","español-industrial","rrhh@aci-ingenieria.com.ar","Directo — Enviar CV directamente.","Enviar CV","ENVIADO","SMTP aceptó el mensaje","/home/jfcrypt/Documents/Proyectos/CVSender/CVSender_state/archivo_eml/enviados/2026-07-31/011434_128815_rrhh@aci-ingenieria.com.ar_espanol-industrial_d6c0aff7b4eb.eml"
"2026-07-31T01:14:51-03:00","Telebit SA","Automatización, telecomunicaciones, sistemas críticos, redes industriales, energía e instrumentación","español-industrial","rrhh@telebitsa.com.ar","Directo — Enviar CV directamente.","Enviar CV","ENVIADO","SMTP aceptó el mensaje","/home/jfcrypt/Documents/Proyectos/CVSender/CVSender_state/archivo_eml/enviados/2026-07-31/011446_730791_rrhh@telebitsa.com.ar_espanol-industrial_88aab5c75eef.eml"
"2026-07-31T01:15:04-03:00","POS-ING Ingeniería Electromecánica","Automatización de tableros, instalaciones eléctricas, energía y control industrial","español-industrial","rrhh@pos-ing.com.ar","Directo — Postulación espontánea; actualmente sin búsquedas publicadas.","Enviar CV","ENVIADO","SMTP aceptó el mensaje","/home/jfcrypt/Documents/Proyectos/CVSender/CVSender_state/archivo_eml/enviados/2026-07-31/011501_721704_rrhh@pos-ing.com.ar_espanol-industrial_b7608f5faa0a.eml"
"2026-07-31T01:15:17-03:00","GH Comunicaciones","Redes de datos, telecomunicaciones, radioenlaces, infraestructura, energía y sistemas críticos","español-industrial","rrhh@ghcomunicaciones.com.ar","Directo — Enviar CV directamente.","Enviar CV","ENVIADO","SMTP aceptó el mensaje","/home/jfcrypt/Documents/Proyectos/CVSender/CVSender_state/archivo_eml/enviados/2026-07-31/011514_539851_rrhh@ghcomunicaciones.com.ar_espanol-industrial_77f1caaaa66b.eml"
"2026-07-31T01:15:29-03:00","Securus Neuquén","Redes, conectividad, videovigilancia, monitoreo, infraestructura y seguridad electrónica","español-industrial","rrhh@securusnqn.com.ar","Directo — Enviar CV directamente.","Enviar CV","ENVIADO","SMTP aceptó el mensaje","/home/jfcrypt/Documents/Proyectos/CVSender/CVSender_state/archivo_eml/enviados/2026-07-31/011527_316515_rrhh@securusnqn.com.ar_espanol-industrial_6d7832194a43.eml"
"2026-07-31T01:15:42-03:00","RP Consultoría","Administración de redes, infraestructura, Linux, servidores, datacenter y seguridad informática","español-industrial","rrhh@rpconsultoria.com.ar","Directo — Enviar CV indicando interés en redes, infraestructura y Linux.","Enviar CV","ENVIADO","SMTP aceptó el mensaje","/home/jfcrypt/Documents/Proyectos/CVSender/CVSender_state/archivo_eml/enviados/2026-07-31/011539_766857_rrhh@rpconsultoria.com.ar_espanol-industrial_c5dea6fd9925.eml"
"2026-07-31T01:15:55-03:00","Umane","Administración de redes, Linux, infraestructura, NOC y seguridad informática","español-industrial","rrhh@umane.com.ar","Directo — Incorporarse a la base de candidatos IT.","Enviar CV","ENVIADO","SMTP aceptó el mensaje","/home/jfcrypt/Documents/Proyectos/CVSender/CVSender_state/archivo_eml/enviados/2026-07-31/011552_640649_rrhh@umane.com.ar_espanol-industrial_f60c3be23938.eml"
"2026-07-31T01:16:08-03:00","Nextware","Operaciones IT, Linux, servidores, virtualización, redes, datacenter y monitoreo","español-industrial","rrhh@nextware.com.ar","Directo — Enviar CV para futuras búsquedas de infraestructura.","Enviar CV","ENVIADO","SMTP aceptó el mensaje","/home/jfcrypt/Documents/Proyectos/CVSender/CVSender_state/archivo_eml/enviados/2026-07-31/011605_237369_rrhh@nextware.com.ar_espanol-industrial_8bfd09001a55.eml"
"2026-07-31T01:23:42-03:00","Rehue SA","Soporte e infraestructura IT, instalación y mantenimiento de hardware y software, redes y seguridad","español-industrial","rrhh@rehuesa.com","Directo — Postular a la búsqueda de Técnico Informático o enviar CV para posiciones afines.","Enviar CV","ENVIADO","SMTP aceptó el mensaje","/home/jfcrypt/Documents/Proyectos/CVSender/CVSender_state/archivo_eml/enviados/2026-07-31/012340_287565_rrhh@rehuesa.com_espanol-industrial_6a484b51d227.eml"
"2026-07-31T01:23:55-03:00","Systemum","Administración de servidores, redes, VPN, virtualización, migración de datos y seguridad informática","español-industrial","rrhh@systemum.com.ar","Directo — Enviar CV para infraestructura IT y administración de sistemas.","Enviar CV","ENVIADO","SMTP aceptó el mensaje","/home/jfcrypt/Documents/Proyectos/CVSender/CVSender_state/archivo_eml/enviados/2026-07-31/012352_876370_rrhh@systemum.com.ar_espanol-industrial_e45ad4aed3f3.eml"
"2026-07-31T01:24:07-03:00","ECOGAS Cuyana","Infraestructura tecnológica, Linux, redes, servidores, ciberseguridad, telecomunicaciones y desarrollo interno","español-industrial","postulacionescuyana@ecogas.com.ar","Directo — Incorporarse a la base de postulantes de Mendoza.","Enviar CV","ENVIADO","SMTP aceptó el mensaje","/home/jfcrypt/Documents/Proyectos/CVSender/CVSender_state/archivo_eml/enviados/2026-07-31/012405_417123_postulacionescuyana@ecogas.com.ar_espanol-industrial_7398039725b7.eml"
"2026-07-31T01:24:20-03:00","Municipalidad de la Ciudad de Mendoza — Recursos Humanos","Sistemas municipales, infraestructura, servidores, redes, seguridad y desarrollo de plataformas públicas","español-industrial","rrhh@ciudaddemendoza.gov.ar","Directo — Enviar CV; el sitio oficial habilita expresamente la recepción de candidaturas.","Enviar CV","ENVIADO","SMTP aceptó el mensaje","/home/jfcrypt/Documents/Proyectos/CVSender/CVSender_state/archivo_eml/enviados/2026-07-31/012417_876028_rrhh@ciudaddemendoza.gov.ar_espanol-industrial_923e30227c2a.eml"
"2026-07-31T01:24:32-03:00","IMSA Ascensores","Área técnica: electrónica, sistemas embebidos, control, mantenimiento e integración tecnológica","español-industrial","rrhh@imsascensores.com.ar","Directo — Enviar CV indicando “Área Técnica” en el asunto.","Enviar CV","ENVIADO","SMTP aceptó el mensaje","/home/jfcrypt/Documents/Proyectos/CVSender/CVSender_state/archivo_eml/enviados/2026-07-31/012430_170515_rrhh@imsascensores.com.ar_espanol-industrial_524527d9402a.eml"
"2026-07-31T01:24:45-03:00","Recruit Group","Infraestructura IT, Linux, redes, desarrollo, sistemas embebidos y ciberseguridad para empresas mendocinas","español-industrial","seleccion@recruitgroupar.com","Directo — Incorporarse a la base de selección indicando las áreas de interés.","Enviar CV","ENVIADO","SMTP aceptó el mensaje","/home/jfcrypt/Documents/Proyectos/CVSender/CVSender_state/archivo_eml/enviados/2026-07-31/012442_846538_seleccion@recruitgroupar.com_espanol-industrial_3073354118b4.eml"
"2026-07-31T01:24:58-03:00","Protección Total SA — sede Mendoza","Seguridad electrónica, videovigilancia, redes, control de accesos, monitoreo e infraestructura tecnológica","español-industrial","empleos@protecciontotal.com.ar","Directo — Enviar CV para el área tecnológica de la sede Mendoza.","Enviar CV","ENVIADO","SMTP aceptó el mensaje","/home/jfcrypt/Documents/Proyectos/CVSender/CVSender_state/archivo_eml/enviados/2026-07-31/012455_622282_empleos@protecciontotal.com.ar_espanol-industrial_dd4d5acf8079.eml"
"2026-07-31T01:25:11-03:00","Mendoza Service","Administración de redes, servidores, backups, soporte IT y ciberseguridad para empresas","español-industrial","contacto@mendoza-service.com.ar","Probable — Empresa IT local; enviar CV solicitando consideración o derivación al responsable de incorporaciones.","Enviar CV","ENVIADO","SMTP aceptó el mensaje","/home/jfcrypt/Documents/Proyectos/CVSender/CVSender_state/archivo_eml/enviados/2026-07-31/012508_244725_contacto@mendoza-service.com.ar_espanol-industrial_105f49d4836a.eml"
"2026-07-31T01:25:25-03:00","Nod.ar","Infraestructura IT, administración de sistemas, redes, hardware, software e integración con maquinaria","español-industrial","info@nod.ar","Probable — Contacto institucional de una empresa IT mendocina; enviar CV y solicitar derivación.","Enviar CV","ENVIADO","SMTP aceptó el mensaje","/home/jfcrypt/Documents/Proyectos/CVSender/CVSender_state/archivo_eml/enviados/2026-07-31/012521_658897_info@nod.ar_espanol-industrial_6cb52e20a805.eml"
"2026-07-31T01:25:38-03:00","Gobierno de Mendoza — Ministerio de Salud y Deportes — RR.HH.","Infraestructura sanitaria, sistemas, redes, servidores, ciberseguridad y desarrollo de plataformas públicas","español-industrial","dirrrhhsalud@mendoza.gov.ar","Probable — Dirección oficial de RR.HH.; enviar CV solicitando consideración para áreas tecnológicas.","Enviar CV","ENVIADO","SMTP aceptó el mensaje","/home/jfcrypt/Documents/Proyectos/CVSender/CVSender_state/archivo_eml/enviados/2026-07-31/012535_570971_dirrrhhsalud@mendoza.gov.ar_espanol-industrial_a9fd076695b8.eml"
"2026-07-31T01:28:52-03:00","MSU Energy — Capital Humano","Infraestructura tecnológica, redes, Linux, automatización, ciberseguridad OT, sistemas de control y desarrollo interno para generación termoeléctrica","español-industrial","empleos@msuenergy.com","Directo — Enviar CV directamente a Capital Humano.","Enviar CV","ENVIADO","SMTP aceptó el mensaje","/home/jfcrypt/Documents/Proyectos/CVSender/CVSender_state/archivo_eml/enviados/2026-07-31/012850_190300_empleos@msuenergy.com_espanol-industrial_4078fe076b38.eml"
"2026-07-31T01:29:05-03:00","Genneia","Ciberseguridad OT, infraestructura, telecomunicaciones, automatización, SCADA, redes y sistemas para generación eólica y solar","español-industrial","empleos@genneia.com.ar","Probable — Correo utilizado oficialmente para recibir CV; enviar candidatura espontánea orientada a tecnología y operaciones.","Enviar CV","ENVIADO","SMTP aceptó el mensaje","/home/jfcrypt/Documents/Proyectos/CVSender/CVSender_state/archivo_eml/enviados/2026-07-31/012902_803351_empleos@genneia.com.ar_espanol-industrial_f277cb3c9d22.eml"
"2026-07-31T01:29:18-03:00","HEXING–TSI","Medición inteligente, electrónica, firmware, sistemas embebidos, telecomunicaciones, redes, software y energías renovables","español-industrial","rh@hxgroup.com.ar","Directo — Enviar CV directamente a Recursos Humanos.","Enviar CV","ENVIADO","SMTP aceptó el mensaje","/home/jfcrypt/Documents/Proyectos/CVSender/CVSender_state/archivo_eml/enviados/2026-07-31/012915_691630_rh@hxgroup.com.ar_espanol-industrial_ae5d360fe201.eml"
"2026-07-31T01:29:30-03:00","Voy con Energía","Sistemas, infraestructura, redes, ciberseguridad, automatización y tecnología aplicada a combustibles y energía","español-industrial","rrhh@voyconenergia.com.ar","Directo — Enviar CV directamente a Recursos Humanos.","Enviar CV","ENVIADO","SMTP aceptó el mensaje","/home/jfcrypt/Documents/Proyectos/CVSender/CVSender_state/archivo_eml/enviados/2026-07-31/012928_279902_rrhh@voyconenergia.com.ar_espanol-industrial_82d63582518e.eml"
"2026-07-31T01:29:43-03:00","INVAP Ingeniería","Ingeniería para petróleo y gas, software técnico, sistemas seguros, automatización, análisis de fallas e infraestructura","español-industrial","rrhh@invapingenieria.com.ar","Directo — Enviar CV directamente.","Enviar CV","ENVIADO","SMTP aceptó el mensaje","/home/jfcrypt/Documents/Proyectos/CVSender/CVSender_state/archivo_eml/enviados/2026-07-31/012940_732490_rrhh@invapingenieria.com.ar_espanol-industrial_07313e075ce5.eml"
"2026-07-31T01:29:56-03:00","BMK / UNELEC","Automatización, instalaciones eléctricas, integración, variadores, control, comunicaciones industriales y Oil & Gas","español-industrial","rrhh@bmksa.com.ar","Directo — Enviar CV directamente para ingeniería e integración tecnológica.","Enviar CV","ERROR","SMTPDataError: (554, b'6.6.0 Error sending message for delivery.')","/home/jfcrypt/Documents/Proyectos/CVSender/CVSender_state/archivo_eml/errores/2026-07-31/012953_270680_rrhh@bmksa.com.ar_espanol-industrial_16c35093d03e.eml"
"2026-07-31T01:30:09-03:00","MEIP","Ingeniería, fabricación, automatización, GNL, petróleo y gas, sistemas eléctricos y control industrial","español-industrial","bgarcia@meip.com.ar","Directo — Correo publicado expresamente para dejar el CV.","Enviar CV","ENVIADO","SMTP aceptó el mensaje","/home/jfcrypt/Documents/Proyectos/CVSender/CVSender_state/archivo_eml/enviados/2026-07-31/013006_477472_bgarcia@meip.com.ar_espanol-industrial_8f69a5dcd89d.eml"
"2026-07-31T01:30:22-03:00","ESESA","Montajes industriales, infraestructura, redes, sistemas de operación y tecnología para servicios petroleros en Neuquén","español-industrial","rrhh@esesa.com.ar","Directo — Enviar CV directamente a Recursos Humanos.","Enviar CV","ENVIADO","SMTP aceptó el mensaje","/home/jfcrypt/Documents/Proyectos/CVSender/CVSender_state/archivo_eml/enviados/2026-07-31/013019_399554_rrhh@esesa.com.ar_espanol-industrial_e2b14a8a0c0c.eml"
"2026-07-31T01:30:34-03:00","Practika Group","Energías renovables, eficiencia energética, climatización, automatización, control e infraestructura técnica","español-industrial","rrhh@practikagroup.com.ar","Directo — Enviar CV directamente a Recursos Humanos.","Enviar CV","ENVIADO","SMTP aceptó el mensaje","/home/jfcrypt/Documents/Proyectos/CVSender/CVSender_state/archivo_eml/enviados/2026-07-31/013032_142645_rrhh@practikagroup.com.ar_espanol-industrial_65650ceb0d7d.eml"
"2026-07-31T01:30:47-03:00","EIFA SRL","Energías renovables, autogeneración solar, petróleo y gas, ingeniería y sistemas de monitoreo técnico","español-industrial","ingenieria@eifa-srl.com","Probable — El sitio invita a dejar el CV; solicitar derivación al responsable de incorporaciones.","Enviar CV","ENVIADO","SMTP aceptó el mensaje","/home/jfcrypt/Documents/Proyectos/CVSender/CVSender_state/archivo_eml/enviados/2026-07-31/013044_813639_ingenieria@eifa-srl.com_espanol-industrial_fde93f76db2b.eml"
"2026-07-31T01:31:01-03:00","ISEL Ingeniería","Energías renovables, sistemas fotovoltaicos, Industria 4.0, ingeniería eléctrica, automatización y control","español-industrial","r.paez@iselingenieria.com.ar","Probable — Contacto técnico oficial; enviar CV y solicitar consideración o derivación.","Enviar CV","ENVIADO","SMTP aceptó el mensaje","/home/jfcrypt/Documents/Proyectos/CVSender/CVSender_state/archivo_eml/enviados/2026-07-31/013057_790610_r.paez@iselingenieria.com.ar_espanol-industrial_7ba3a71e0789.eml"
"2026-07-31T01:31:13-03:00","Pampa Energía","Ciberseguridad, infraestructura crítica, redes industriales, telecomunicaciones, automatización, sistemas y datos","español-industrial","contacto@pampa.com","Derivación — Solicitar que el CV sea remitido al equipo de Talento o al área tecnológica correspondiente.","Enviar CV","ENVIADO","SMTP aceptó el mensaje","/home/jfcrypt/Documents/Proyectos/CVSender/CVSender_state/archivo_eml/enviados/2026-07-31/013111_086408_contacto@pampa.com_espanol-industrial_778bc0e7d894.eml"
"2026-07-31T01:31:26-03:00","Central Puerto","Tecnología, infraestructura, automatización, comunicaciones, ciberseguridad OT y sistemas para generación eléctrica","español-industrial","info@centralpuerto.com","Derivación — Solicitar remisión del CV al área de Personas o Tecnología.","Enviar CV","ENVIADO","SMTP aceptó el mensaje","/home/jfcrypt/Documents/Proyectos/CVSender/CVSender_state/archivo_eml/enviados/2026-07-31/013123_790355_info@centralpuerto.com_espanol-industrial_0eaea66db0a9.eml"
"2026-07-31T01:31:39-03:00","Central Puerto Renovables","Sistemas, redes, automatización, monitoreo, ciberseguridad OT e infraestructura para parques renovables","español-industrial","info@cprenovables.com.ar","Derivación — Solicitar remisión al equipo de selección o tecnología de renovables.","Enviar CV","ENVIADO","SMTP aceptó el mensaje","/home/jfcrypt/Documents/Proyectos/CVSender/CVSender_state/archivo_eml/enviados/2026-07-31/013136_536690_info@cprenovables.com.ar_espanol-industrial_e2017bafab47.eml"
"2026-07-31T01:33:13-03:00","BMK / UNELEC","Automatización, instalaciones eléctricas, integración, variadores, control, comunicaciones industriales y Oil & Gas","español-industrial","rrhh@bmksa.com.ar","Directo — Enviar CV directamente para ingeniería e integración tecnológica.","Enviar CV","ERROR","SMTPDataError: (554, b'6.6.0 Error sending message for delivery.')","/home/jfcrypt/Documents/Proyectos/CVSender/CVSender_state/archivo_eml/errores/2026-07-31/013309_182870_rrhh@bmksa.com.ar_espanol-industrial_69c0b944b7c9.eml"
"2026-07-31T01:35:21-03:00","BMK / UNELEC","Automatización, instalaciones eléctricas, integración, variadores, control, comunicaciones industriales y Oil & Gas","español-industrial","rrhh@bmksa.com.ar","Directo — Enviar CV directamente para ingeniería e integración tecnológica.","Enviar CV","ENVIADO","SMTP aceptó el mensaje","/home/jfcrypt/Documents/Proyectos/CVSender/CVSender_state/archivo_eml/enviados/2026-07-31/013518_727779_rrhh@bmksa.com.ar_espanol-industrial_cd3860cf28b2.eml"
"2026-07-31T01:36:51-03:00","Facultad de Informática — Universidad Nacional de La Plata","Matemática Discreta, fundamentos matemáticos de la informática, criptografía, seguridad y álgebra para computación","español-académico","secretaria.academica@info.unlp.edu.ar","Probable — Enviar CV académico y solicitar consideración o derivación a Concursos Docentes y a las cátedras compatibles.","Enviar CV: docencia","ENVIADO","SMTP aceptó el mensaje","/home/jfcrypt/Documents/Proyectos/CVSender/CVSender_state/archivo_eml/enviados/2026-07-31/013646_800824_secretaria.academica@info.unlp.edu.ar_espanol-academico_47b8bff95d71.eml"
"2026-07-31T01:37:06-03:00","Universidad Nacional del Oeste — Secretaría Académica","Matemática Discreta, Álgebra, matemática para informática, criptografía y fundamentos de computación","español-académico","academica@uno.edu.ar","Probable — Enviar CV académico; la Secretaría supervisa la incorporación del personal académico y los concursos.","Enviar CV: docencia","ENVIADO","SMTP aceptó el mensaje","/home/jfcrypt/Documents/Proyectos/CVSender/CVSender_state/archivo_eml/enviados/2026-07-31/013701_728071_academica@uno.edu.ar_espanol-academico_727b668c1370.eml"
"2026-07-31T01:37:20-03:00","Universidad CAECE — Educación a Distancia","Álgebra, aritmética modular, Matemática Discreta, criptografía y fundamentos matemáticos de informática y ciencia de datos","español-académico","edistancia@caece.edu.ar","Probable — Enviar CV académico indicando disponibilidad para docencia virtual y las asignaturas concretas que puede dictar.","Enviar CV: docencia","ENVIADO","SMTP aceptó el mensaje","/home/jfcrypt/Documents/Proyectos/CVSender/CVSender_state/archivo_eml/enviados/2026-07-31/013716_069483_edistancia@caece.edu.ar_espanol-academico_813d11a81134.eml"
"2026-07-31T01:44:33-03:00","LatinAd","Desarrollo de software, backend, datos, automatización e integración de IA en productos","español-industrial","jobs@latinad.com","Directo — Enviar CV directamente al canal laboral.","Enviar CV","ENVIADO","SMTP aceptó el mensaje","/home/jfcrypt/Documents/Proyectos/CVSender/CVSender_state/archivo_eml/enviados/2026-07-31/014430_245962_jobs@latinad.com_espanol-industrial_a54eb5a3faac.eml"
"2026-07-31T01:44:45-03:00","IDENI","Desarrollo de software, automatización, datos e inteligencia artificial aplicada","español-industrial","empleos@ideni.com.ar","Directo — Enviar CV directamente al canal de empleo.","Enviar CV","ENVIADO","SMTP aceptó el mensaje","/home/jfcrypt/Documents/Proyectos/CVSender/CVSender_state/archivo_eml/enviados/2026-07-31/014443_002750_empleos@ideni.com.ar_espanol-industrial_f028c863d2ad.eml"
"2026-07-31T01:44:58-03:00","Core Desarrollos","IA aplicada, automatización de procesos, integración de modelos, backend y consultoría técnica","español-industrial","info@coredes.com.ar","Probable — Enviar CV y solicitar consideración para el equipo técnico.","Enviar CV","ENVIADO","SMTP aceptó el mensaje","/home/jfcrypt/Documents/Proyectos/CVSender/CVSender_state/archivo_eml/enviados/2026-07-31/014455_704094_info@coredes.com.ar_espanol-industrial_1cbe4de00185.eml"
"2026-07-31T01:45:11-03:00","LAMBEX IA","Inteligencia artificial, automatización, IoT, integración de sistemas y desarrollo de soluciones empresariales","español-industrial","contacto@lambexia.com","Probable — Enviar CV orientado a IA aplicada, software e IoT.","Enviar CV","ENVIADO","SMTP aceptó el mensaje","/home/jfcrypt/Documents/Proyectos/CVSender/CVSender_state/archivo_eml/enviados/2026-07-31/014508_914417_contacto@lambexia.com_espanol-industrial_ba9be2c22c45.eml"
"2026-07-31T01:45:24-03:00","Human AI","Desarrollo e integración de soluciones de IA, modelos locales, backend y automatización","español-industrial","contacto@humanai.com.ar","Probable — Enviar CV y solicitar derivación al equipo técnico o de incorporaciones.","Enviar CV","ENVIADO","SMTP aceptó el mensaje","/home/jfcrypt/Documents/Proyectos/CVSender/CVSender_state/archivo_eml/enviados/2026-07-31/014521_889871_contacto@humanai.com.ar_espanol-industrial_4a46c84d7073.eml"
"2026-07-31T01:45:37-03:00","DAIA","Sistemas de inteligencia artificial, automatización, integración, analítica y desarrollo de software","español-industrial","info@daia.com.ar","Probable — Enviar CV para consideración o derivación al equipo de desarrollo.","Enviar CV","ENVIADO","SMTP aceptó el mensaje","/home/jfcrypt/Documents/Proyectos/CVSender/CVSender_state/archivo_eml/enviados/2026-07-31/014534_626937_info@daia.com.ar_espanol-industrial_275356a1ca61.eml"
"2026-07-31T01:45:49-03:00","MendozaWebLab","IA aplicada, desarrollo SaaS, backend, APIs y automatización de procesos","español-industrial","contacto@mendozaweblab.com","Probable — Enviar CV solicitando consideración para proyectos técnicos.","Enviar CV","ENVIADO","SMTP aceptó el mensaje","/home/jfcrypt/Documents/Proyectos/CVSender/CVSender_state/archivo_eml/enviados/2026-07-31/014547_238051_contacto@mendozaweblab.com_espanol-industrial_f275ee462e24.eml"
"2026-07-31T01:46:02-03:00","Dirección de Innovación y Desarrollo Económico — Gobierno de Mendoza","Innovación tecnológica, IA aplicada al sector público y productivo, transformación digital y vinculación tecnológica","español-industrial","fmorabito@mendoza.gov.ar","Derivación — Solicitar que el CV sea remitido a programas, equipos u organizaciones tecnológicas vinculadas.","Enviar CV","ENVIADO","SMTP aceptó el mensaje","/home/jfcrypt/Documents/Proyectos/CVSender/CVSender_state/archivo_eml/enviados/2026-07-31/014559_810760_fmorabito@mendoza.gov.ar_espanol-industrial_f35fb5de46da.eml"
"2026-07-31T01:46:15-03:00","Polo TIC Mendoza — Presidencia","Empresas de software, IA, datos, innovación y transformación digital del ecosistema mendocino","español-industrial","presidente@poloticmendoza.org","Derivación — Solicitar difusión o derivación del CV entre empresas y equipos asociados.","Enviar CV","ENVIADO","SMTP aceptó el mensaje","/home/jfcrypt/Documents/Proyectos/CVSender/CVSender_state/archivo_eml/enviados/2026-07-31/014612_447899_presidente@poloticmendoza.org_espanol-industrial_c39b8c476985.eml"
"2026-07-31T01:46:27-03:00","Polo TIC Mendoza — Comunicación institucional","Ecosistema de empresas tecnológicas, laboratorio de IA y vinculación con organizaciones del sector","español-industrial","comunicacion@poloticmendoza.org","Derivación — Enviar por separado y solicitar orientación hacia empresas asociadas compatibles.","Enviar CV","ENVIADO","SMTP aceptó el mensaje","/home/jfcrypt/Documents/Proyectos/CVSender/CVSender_state/archivo_eml/enviados/2026-07-31/014625_325883_comunicacion@poloticmendoza.org_espanol-industrial_343030420725.eml"
"2026-07-31T02:10:35-03:00","CAMMESA — Recursos Humanos","Operación e infraestructura del sistema eléctrico, redes, Linux, software, automatización, telecomunicaciones, ciberseguridad y datos","español-industrial","recursoshumanos@cammesa.com.ar","Directo — Enviar CV directamente a Recursos Humanos.","Enviar CV","ENVIADO","SMTP aceptó el mensaje","/home/jfcrypt/Documents/Proyectos/CVSender/CVSender_state/archivo_eml/enviados/2026-07-31/021032_339742_recursoshumanos@cammesa.com.ar_espanol-industrial_a2406aeb43d9.eml"
"2026-07-31T02:10:48-03:00","MSU Energy — Capital Humano","Generación eléctrica, automatización, infraestructura IT, redes, Linux, sistemas de control y ciberseguridad OT","español-industrial","empleos@msuenergy.com","Directo — Enviar CV directamente a Capital Humano.","Enviar CV","ENVIADO","SMTP aceptó el mensaje","/home/jfcrypt/Documents/Proyectos/CVSender/CVSender_state/archivo_eml/enviados/2026-07-31/021045_867882_empleos@msuenergy.com_espanol-industrial_4315cf1f235f.eml"
"2026-07-31T02:11:05-03:00","HEXING–TSI","Medición inteligente, electrónica, sistemas embebidos, telecomunicaciones, firmware, redes y energías renovables","español-industrial","rh@hxgroup.com.ar","Directo — Enviar CV directamente a Recursos Humanos.","Enviar CV","ENVIADO","SMTP aceptó el mensaje","/home/jfcrypt/Documents/Proyectos/CVSender/CVSender_state/archivo_eml/enviados/2026-07-31/021058_724275_rh@hxgroup.com.ar_espanol-industrial_d84d33c0c012.eml"
"2026-07-31T02:11:18-03:00","INVAP Ingeniería","Petróleo y gas, energía, software técnico, sistemas seguros, automatización, análisis de fallas e ingeniería tecnológica","español-industrial","rrhh@invapingenieria.com.ar","Directo — Enviar CV directamente a Recursos Humanos.","Enviar CV","ENVIADO","SMTP aceptó el mensaje","/home/jfcrypt/Documents/Proyectos/CVSender/CVSender_state/archivo_eml/enviados/2026-07-31/021115_761004_rrhh@invapingenieria.com.ar_espanol-industrial_abcec735a18b.eml"
"2026-07-31T02:11:30-03:00","Transportadora de Gas del Sur — TGS","Infraestructura crítica, transporte de gas, redes industriales, Linux, telecomunicaciones, automatización, SCADA y ciberseguridad OT","español-industrial","info@tgs.com.ar","Derivación — Solicitar que el CV sea remitido a Recursos Humanos o Tecnología.","Enviar CV","ENVIADO","SMTP aceptó el mensaje","/home/jfcrypt/Documents/Proyectos/CVSender/CVSender_state/archivo_eml/enviados/2026-07-31/021128_272963_info@tgs.com.ar_espanol-industrial_57f13cbe1a2e.eml"
"2026-07-31T02:14:48-03:00","CAMMESA — Recursos Humanos","Operación e infraestructura del sistema eléctrico, redes, Linux, software, automatización, telecomunicaciones, ciberseguridad y datos","español-industrial","recursoshumanos@cammesa.com.ar","Directo — Enviar CV directamente a Recursos Humanos.","Enviar CV","ENVIADO","SMTP aceptó el mensaje","/home/jfcrypt/Documents/Proyectos/CVSender/CVSender_state/archivo_eml/enviados/2026-07-31/021445_304114_recursoshumanos@cammesa.com.ar_espanol-industrial_359e79c1d35c.eml"
"2026-07-31T02:15:00-03:00","MSU Energy — Capital Humano","Generación eléctrica, automatización, infraestructura IT, redes, Linux, sistemas de control y ciberseguridad OT","español-industrial","empleos@msuenergy.com","Directo — Enviar CV directamente a Capital Humano.","Enviar CV","ENVIADO","SMTP aceptó el mensaje","/home/jfcrypt/Documents/Proyectos/CVSender/CVSender_state/archivo_eml/enviados/2026-07-31/021458_038187_empleos@msuenergy.com_espanol-industrial_6ba74a783597.eml"
"2026-07-31T02:15:13-03:00","HEXING–TSI","Medición inteligente, electrónica, sistemas embebidos, telecomunicaciones, firmware, redes y energías renovables","español-industrial","rh@hxgroup.com.ar","Directo — Enviar CV directamente a Recursos Humanos.","Enviar CV","ENVIADO","SMTP aceptó el mensaje","/home/jfcrypt/Documents/Proyectos/CVSender/CVSender_state/archivo_eml/enviados/2026-07-31/021510_658302_rh@hxgroup.com.ar_espanol-industrial_491bac26092f.eml"
"2026-07-31T02:15:26-03:00","INVAP Ingeniería","Petróleo y gas, energía, software técnico, sistemas seguros, automatización, análisis de fallas e ingeniería tecnológica","español-industrial","rrhh@invapingenieria.com.ar","Directo — Enviar CV directamente a Recursos Humanos.","Enviar CV","ENVIADO","SMTP aceptó el mensaje","/home/jfcrypt/Documents/Proyectos/CVSender/CVSender_state/archivo_eml/enviados/2026-07-31/021523_522977_rrhh@invapingenieria.com.ar_espanol-industrial_cc6bdc919637.eml"
"2026-07-31T02:15:39-03:00","Transportadora de Gas del Sur — TGS","Infraestructura crítica, transporte de gas, redes industriales, Linux, telecomunicaciones, automatización, SCADA y ciberseguridad OT","español-industrial","info@tgs.com.ar","Derivación — Solicitar que el CV sea remitido a Recursos Humanos o Tecnología.","Enviar CV","ENVIADO","SMTP aceptó el mensaje","/home/jfcrypt/Documents/Proyectos/CVSender/CVSender_state/archivo_eml/enviados/2026-07-31/021536_411988_info@tgs.com.ar_espanol-industrial_03ace96a4df8.eml"
"2026-07-31T02:17:43-03:00","Allaria","Ciberseguridad, infraestructura, desarrollo de plataformas, datos, automatización, APIs y seguridad de operaciones financieras","español-industrial","rrhh@allaria.com.ar","Directo — Enviar CV directamente a Recursos Humanos.","Enviar CV","ENVIADO","SMTP aceptó el mensaje","/home/jfcrypt/Documents/Proyectos/CVSender/CVSender_state/archivo_eml/enviados/2026-07-31/021740_669282_rrhh@allaria.com.ar_espanol-industrial_ca6300f3474c.eml"
"2026-07-31T02:17:56-03:00","Grupo SBS / Quicktrade","Desarrollo de plataformas de inversión, API Market, ciberseguridad, infraestructura, datos y automatización","español-industrial","empleos@gruposbs.com","Directo — Enviar CV directamente al canal de empleo.","Enviar CV","ENVIADO","SMTP aceptó el mensaje","/home/jfcrypt/Documents/Proyectos/CVSender/CVSender_state/archivo_eml/enviados/2026-07-31/021753_558953_empleos@gruposbs.com_espanol-industrial_d9b9604a8567.eml"
"2026-07-31T02:18:09-03:00","PUENTE","Ciberseguridad, infraestructura tecnológica, desarrollo backend, plataformas financieras, datos y continuidad operativa","español-industrial","rrhh@puentenet.com","Directo — Enviar CV directamente a Recursos Humanos.","Enviar CV","ENVIADO","SMTP aceptó el mensaje","/home/jfcrypt/Documents/Proyectos/CVSender/CVSender_state/archivo_eml/enviados/2026-07-31/021806_239035_rrhh@puentenet.com_espanol-industrial_b68739451c59.eml"
"2026-07-31T02:18:22-03:00","Aldazabal y Cía.","Tecnología para ALyC, sistemas de back office, infraestructura, automatización, seguridad y datos","español-industrial","rrhh@aldazabal.com.ar","Directo — Enviar CV directamente a Recursos Humanos.","Enviar CV","ENVIADO","SMTP aceptó el mensaje","/home/jfcrypt/Documents/Proyectos/CVSender/CVSender_state/archivo_eml/enviados/2026-07-31/021819_371916_rrhh@aldazabal.com.ar_espanol-industrial_ebccc6cb614d.eml"
"2026-07-31T02:18:35-03:00","Brio Valores","Ciberseguridad, infraestructura, desarrollo de sistemas, redes, datos y plataformas para mercado de capitales","español-industrial","rrhh@briovalores.com","Directo — Enviar CV directamente a Recursos Humanos.","Enviar CV","ENVIADO","SMTP aceptó el mensaje","/home/jfcrypt/Documents/Proyectos/CVSender/CVSender_state/archivo_eml/enviados/2026-07-31/021832_363869_rrhh@briovalores.com_espanol-industrial_55d014efa83e.eml"
"2026-07-31T02:18:48-03:00","Greenfield Capital Markets","Tecnología de operaciones, sistemas de liquidación, infraestructura, automatización, seguridad y datos","español-industrial","rrhh@greenfieldcm.com","Directo — Enviar CV directamente a Recursos Humanos.","Enviar CV","ERROR","SMTPDataError: (554, b'6.6.0 Error sending message for delivery.')","/home/jfcrypt/Documents/Proyectos/CVSender/CVSender_state/archivo_eml/errores/2026-07-31/021845_197852_rrhh@greenfieldcm.com_espanol-industrial_f26bf5462652.eml"
"2026-07-31T02:19:01-03:00","GMC Valores / Grupo GMC","Riesgos tecnológicos, ciberseguridad, desarrollo de sistemas, infraestructura, datos y continuidad","español-industrial","rrhh@grupogmc.com.ar","Directo — Enviar CV directamente a Recursos Humanos.","Enviar CV","ERROR","SMTPDataError: (554, b'6.6.0 Error sending message for delivery.')","/home/jfcrypt/Documents/Proyectos/CVSender/CVSender_state/archivo_eml/errores/2026-07-31/021858_111866_rrhh@grupogmc.com.ar_espanol-industrial_966e99dc84fd.eml"
"2026-07-31T02:19:13-03:00","Estructuras Financieras","Compliance tecnológico, ciberseguridad, sistemas, automatización, infraestructura y análisis de datos","español-industrial","rrhh@estructurasfinancieras.com.ar","Directo — Enviar CV directamente a Recursos Humanos.","Enviar CV","ERROR","SMTPDataError: (554, b'6.6.0 Error sending message for delivery.')","/home/jfcrypt/Documents/Proyectos/CVSender/CVSender_state/archivo_eml/errores/2026-07-31/021911_005460_rrhh@estructurasfinancieras.com.ar_espanol-industrial_0f738d134f2d.eml"
"2026-07-31T02:19:26-03:00","Grupo Transatlántica / TSA Bursátil","Sistemas para mercado de capitales, infraestructura, desarrollo, redes, ciberseguridad y datos","español-industrial","rrhh@tsabursatil.com.ar","Directo — Enviar CV directamente a Recursos Humanos.","Enviar CV","ERROR","SMTPDataError: (554, b'6.6.0 Error sending message for delivery.')","/home/jfcrypt/Documents/Proyectos/CVSender/CVSender_state/archivo_eml/errores/2026-07-31/021923_676782_rrhh@tsabursatil.com.ar_espanol-industrial_3ff412b171ac.eml"
"2026-07-31T02:19:38-03:00","Toros Capital","Infraestructura, ciberseguridad, plataformas de inversión, desarrollo backend y automatización","español-industrial","rrhh@toroscapital.com.ar","Directo — Enviar CV directamente a Recursos Humanos.","Enviar CV","ERROR","SMTPDataError: (554, b'6.6.0 Error sending message for delivery.')","/home/jfcrypt/Documents/Proyectos/CVSender/CVSender_state/archivo_eml/errores/2026-07-31/021936_267990_rrhh@toroscapital.com.ar_espanol-industrial_50e8071501f0.eml"
"2026-07-31T02:19:51-03:00","Centaurus Securities","Tecnología para ALyC, seguridad de la información, infraestructura, sistemas y automatización","español-industrial","rrhh@centaurus.com.ar","Directo — Enviar CV directamente a Recursos Humanos.","Enviar CV","ERROR","SMTPDataError: (554, b'6.6.0 Error sending message for delivery.')","/home/jfcrypt/Documents/Proyectos/CVSender/CVSender_state/archivo_eml/errores/2026-07-31/021948_985085_rrhh@centaurus.com.ar_espanol-industrial_52768b809fff.eml"
"2026-07-31T02:20:04-03:00","Intagro — Mercado de Capitales","Sistemas, datos, infraestructura, automatización y seguridad aplicada a operaciones financieras y agro","español-industrial","rrhh@intagro.com","Directo — Enviar CV directamente a Recursos Humanos.","Enviar CV","ENVIADO","SMTP aceptó el mensaje","/home/jfcrypt/Documents/Proyectos/CVSender/CVSender_state/archivo_eml/enviados/2026-07-31/022001_659677_rrhh@intagro.com_espanol-industrial_df97a6a5b0bf.eml"
"2026-07-31T02:20:17-03:00","Enrique R. Zeni y Cía. — Mercado de Capitales","Tecnología para operaciones BYMA, MAE, MAV y Matba Rofex, automatización, datos, infraestructura y seguridad","español-industrial","empleos@zeni.com.ar","Directo — Enviar CV directamente al canal de empleo.","Enviar CV","ENVIADO","SMTP aceptó el mensaje","/home/jfcrypt/Documents/Proyectos/CVSender/CVSender_state/archivo_eml/enviados/2026-07-31/022014_892603_empleos@zeni.com.ar_espanol-industrial_e48c0caf6833.eml"
"2026-07-31T02:20:30-03:00","Balanz","Ciberseguridad, desarrollo de productos digitales, infraestructura, datos, automatización y plataformas de inversión","español-industrial","consultas@balanz.com","Derivación — Solicitar remisión del CV al equipo de People o Tecnología.","Enviar CV","ENVIADO","SMTP aceptó el mensaje","/home/jfcrypt/Documents/Proyectos/CVSender/CVSender_state/archivo_eml/enviados/2026-07-31/022027_844760_consultas@balanz.com_espanol-industrial_fcb4f6621f7c.eml"
"2026-07-31T02:20:43-03:00","Max Capital","Tecnología financiera, datos, infraestructura, ciberseguridad, desarrollo de aplicaciones y APIs","español-industrial","consultas@max.capital","Derivación — Solicitar remisión del CV a Recursos Humanos o Tecnología.","Enviar CV","ENVIADO","SMTP aceptó el mensaje","/home/jfcrypt/Documents/Proyectos/CVSender/CVSender_state/archivo_eml/enviados/2026-07-31/022040_799142_consultas@max.capital_espanol-industrial_3c4c7c9cea86.eml"
"2026-07-31T02:20:57-03:00","Adcap Grupo Financiero","Adcap Digital, API Broker, ciberseguridad, infraestructura, desarrollo, datos y automatización","español-industrial","info@ad-cap.com.ar","Derivación — Solicitar remisión del CV a Recursos Humanos o Adcap Digital.","Enviar CV","ENVIADO","SMTP aceptó el mensaje","/home/jfcrypt/Documents/Proyectos/CVSender/CVSender_state/archivo_eml/enviados/2026-07-31/022053_924687_info@ad-cap.com.ar_espanol-industrial_e14768023365.eml"
"2026-07-31T02:21:09-03:00","Grupo SBS","Desarrollo, infraestructura, ciberseguridad, API Market, datos y tecnología financiera","español-industrial","info@gruposbs.com","Probable — Correo institucional publicado junto al formulario laboral; enviar CV solicitando derivación a Selección.","Enviar CV","ENVIADO","SMTP aceptó el mensaje","/home/jfcrypt/Documents/Proyectos/CVSender/CVSender_state/archivo_eml/enviados/2026-07-31/022107_226734_info@gruposbs.com_espanol-industrial_15aafba3b1db.eml"
"2026-07-31T02:22:25-03:00","Greenfield Capital Markets","Tecnología de operaciones, sistemas de liquidación, infraestructura, automatización, seguridad y datos","español-industrial","rrhh@greenfieldcm.com","Directo — Enviar CV directamente a Recursos Humanos.","Enviar CV","ENVIADO","SMTP aceptó el mensaje","/home/jfcrypt/Documents/Proyectos/CVSender/CVSender_state/archivo_eml/enviados/2026-07-31/022222_420444_rrhh@greenfieldcm.com_espanol-industrial_098624355af9.eml"
"2026-07-31T02:22:38-03:00","GMC Valores / Grupo GMC","Riesgos tecnológicos, ciberseguridad, desarrollo de sistemas, infraestructura, datos y continuidad","español-industrial","rrhh@grupogmc.com.ar","Directo — Enviar CV directamente a Recursos Humanos.","Enviar CV","ENVIADO","SMTP aceptó el mensaje","/home/jfcrypt/Documents/Proyectos/CVSender/CVSender_state/archivo_eml/enviados/2026-07-31/022235_675683_rrhh@grupogmc.com.ar_espanol-industrial_10f195e6c954.eml"
"2026-07-31T02:22:51-03:00","Estructuras Financieras","Compliance tecnológico, ciberseguridad, sistemas, automatización, infraestructura y análisis de datos","español-industrial","rrhh@estructurasfinancieras.com.ar","Directo — Enviar CV directamente a Recursos Humanos.","Enviar CV","ERROR","SMTPDataError: (554, b'6.6.0 Error sending message for delivery.')","/home/jfcrypt/Documents/Proyectos/CVSender/CVSender_state/archivo_eml/errores/2026-07-31/022248_333306_rrhh@estructurasfinancieras.com.ar_espanol-industrial_0a7f8e515aed.eml"
"2026-07-31T02:23:04-03:00","Grupo Transatlántica / TSA Bursátil","Sistemas para mercado de capitales, infraestructura, desarrollo, redes, ciberseguridad y datos","español-industrial","rrhh@tsabursatil.com.ar","Directo — Enviar CV directamente a Recursos Humanos.","Enviar CV","ERROR","SMTPDataError: (554, b'6.6.0 Error sending message for delivery.')","/home/jfcrypt/Documents/Proyectos/CVSender/CVSender_state/archivo_eml/errores/2026-07-31/022301_358920_rrhh@tsabursatil.com.ar_espanol-industrial_bba4ab46b75b.eml"
"2026-07-31T02:23:16-03:00","Toros Capital","Infraestructura, ciberseguridad, plataformas de inversión, desarrollo backend y automatización","español-industrial","rrhh@toroscapital.com.ar","Directo — Enviar CV directamente a Recursos Humanos.","Enviar CV","ERROR","SMTPDataError: (554, b'6.6.0 Error sending message for delivery.')","/home/jfcrypt/Documents/Proyectos/CVSender/CVSender_state/archivo_eml/errores/2026-07-31/022314_042400_rrhh@toroscapital.com.ar_espanol-industrial_64a1c1b9c36e.eml"
"2026-07-31T02:23:29-03:00","Centaurus Securities","Tecnología para ALyC, seguridad de la información, infraestructura, sistemas y automatización","español-industrial","rrhh@centaurus.com.ar","Directo — Enviar CV directamente a Recursos Humanos.","Enviar CV","ERROR","SMTPDataError: (554, b'6.6.0 Error sending message for delivery.')","/home/jfcrypt/Documents/Proyectos/CVSender/CVSender_state/archivo_eml/errores/2026-07-31/022326_806094_rrhh@centaurus.com.ar_espanol-industrial_15ec3f512a6b.eml"
"2026-07-31T02:25:49-03:00","Estructuras Financieras","Compliance tecnológico, ciberseguridad, sistemas, automatización, infraestructura y análisis de datos","español-industrial","rrhh@estructurasfinancieras.com.ar","Directo — Enviar CV directamente a Recursos Humanos.","Enviar CV","ENVIADO","SMTP aceptó el mensaje","/home/jfcrypt/Documents/Proyectos/CVSender/CVSender_state/archivo_eml/enviados/2026-07-31/022546_244162_rrhh@estructurasfinancieras.com.ar_espanol-industrial_93afc2221781.eml"
"2026-07-31T02:26:02-03:00","Grupo Transatlántica / TSA Bursátil","Sistemas para mercado de capitales, infraestructura, desarrollo, redes, ciberseguridad y datos","español-industrial","rrhh@tsabursatil.com.ar","Directo — Enviar CV directamente a Recursos Humanos.","Enviar CV","ENVIADO","SMTP aceptó el mensaje","/home/jfcrypt/Documents/Proyectos/CVSender/CVSender_state/archivo_eml/enviados/2026-07-31/022559_652079_rrhh@tsabursatil.com.ar_espanol-industrial_5a7d16cace31.eml"
"2026-07-31T02:26:15-03:00","Toros Capital","Infraestructura, ciberseguridad, plataformas de inversión, desarrollo backend y automatización","español-industrial","rrhh@toroscapital.com.ar","Directo — Enviar CV directamente a Recursos Humanos.","Enviar CV","ENVIADO","SMTP aceptó el mensaje","/home/jfcrypt/Documents/Proyectos/CVSender/CVSender_state/archivo_eml/enviados/2026-07-31/022612_175928_rrhh@toroscapital.com.ar_espanol-industrial_2352b0d8b592.eml"
"2026-07-31T02:26:28-03:00","Centaurus Securities","Tecnología para ALyC, seguridad de la información, infraestructura, sistemas y automatización","español-industrial","rrhh@centaurus.com.ar","Directo — Enviar CV directamente a Recursos Humanos.","Enviar CV","ENVIADO","SMTP aceptó el mensaje","/home/jfcrypt/Documents/Proyectos/CVSender/CVSender_state/archivo_eml/enviados/2026-07-31/022625_270685_rrhh@centaurus.com.ar_espanol-industrial_ad1f969e5755.eml"
"2026-07-31T02:26:41-03:00","NETSO Industrial","IT industrial, infraestructura, redes, Linux, automatización, sistemas de gestión, ciberseguridad y soporte tecnológico para producción automotriz","español-industrial","rrhh@netso.com.ar","Directo — Enviar CV directamente al Departamento de Recursos Humanos.","Enviar CV","ENVIADO","SMTP aceptó el mensaje","/home/jfcrypt/Documents/Proyectos/CVSender/CVSender_state/archivo_eml/enviados/2026-07-31/022638_403642_rrhh@netso.com.ar_espanol-industrial_05253a571411.eml"
"2026-07-31T02:26:54-03:00","Carlos Boero","Infraestructura IT, automatización industrial, redes, sistemas de producción, electrónica, integración y ciberseguridad OT","español-industrial","rrhh@carlosboero.com.ar","Directo — Enviar CV directamente a Recursos Humanos.","Enviar CV","ENVIADO","SMTP aceptó el mensaje","/home/jfcrypt/Documents/Proyectos/CVSender/CVSender_state/archivo_eml/enviados/2026-07-31/022651_034972_rrhh@carlosboero.com.ar_espanol-industrial_403d5b81f231.eml"
"2026-07-31T02:27:07-03:00","Collins Automotores","Sistemas de concesionaria, infraestructura, redes, Linux, ciberseguridad, desarrollo e integración de plataformas","español-industrial","rrhh@collins.com.ar","Directo — Enviar CV directamente a Recursos Humanos.","Enviar CV","ENVIADO","SMTP aceptó el mensaje","/home/jfcrypt/Documents/Proyectos/CVSender/CVSender_state/archivo_eml/enviados/2026-07-31/022704_505632_rrhh@collins.com.ar_espanol-industrial_2e11069794bd.eml"
"2026-07-31T02:27:20-03:00","Del Sur Autos","Infraestructura IT, redes, sistemas de gestión, ciberseguridad, automatización y plataformas digitales para concesionarias","español-industrial","rrhh@delsurautos.com.ar","Directo — Enviar CV directamente al canal laboral.","Enviar CV","ENVIADO","SMTP aceptó el mensaje","/home/jfcrypt/Documents/Proyectos/CVSender/CVSender_state/archivo_eml/enviados/2026-07-31/022717_432211_rrhh@delsurautos.com.ar_espanol-industrial_2e0201def0ac.eml"
"2026-07-31T02:27:33-03:00","Central Autos","Sistemas, infraestructura, redes, Linux, seguridad informática, datos y automatización de procesos comerciales y de posventa","español-industrial","rrhh@centralchevrolet.com.ar","Directo — Enviar CV directamente al canal laboral.","Enviar CV","ERROR","SMTPDataError: (554, b'6.6.0 Error sending message for delivery.')","/home/jfcrypt/Documents/Proyectos/CVSender/CVSender_state/archivo_eml/errores/2026-07-31/022730_265512_rrhh@centralchevrolet.com.ar_espanol-industrial_84cf82911d24.eml"
"2026-07-31T02:27:45-03:00","Automotores Mega","Infraestructura, redes, sistemas de concesionaria, desarrollo, ciberseguridad, electrónica y tecnología para vehículos comerciales","español-industrial","carolina@automotoresmega.com.ar","Directo — El sitio identifica el correo como canal de Recursos Humanos para futuras búsquedas.","Enviar CV","ERROR","SMTPDataError: (554, b'6.6.0 Error sending message for delivery.')","/home/jfcrypt/Documents/Proyectos/CVSender/CVSender_state/archivo_eml/errores/2026-07-31/022743_629224_carolina@automotoresmega.com.ar_espanol-industrial_d1e39ba8b2cb.eml"
"2026-07-31T02:27:59-03:00","Repuestos Pesados","Sistemas, infraestructura, redes, Linux, integración de sucursales, comercio electrónico, datos y ciberseguridad","español-industrial","rrhh@repuestospesados.com.ar","Directo — Enviar CV directamente a Recursos Humanos.","Enviar CV","ERROR","SMTPDataError: (554, b'6.6.0 Error sending message for delivery.')","/home/jfcrypt/Documents/Proyectos/CVSender/CVSender_state/archivo_eml/errores/2026-07-31/022755_911459_rrhh@repuestospesados.com.ar_espanol-industrial_5ddc949262ef.eml"
"2026-07-31T02:28:12-03:00","Euroamérica — Logística automotriz","Infraestructura IT, redes, sistemas logísticos, automatización, trazabilidad, ciberseguridad y desarrollo de plataformas","español-industrial","postulantes@euroamerica.com.ar","Directo — Enviar CV indicando el perfil tecnológico en el asunto.","Enviar CV","ERROR","SMTPDataError: (554, b'6.6.0 Error sending message for delivery.')","/home/jfcrypt/Documents/Proyectos/CVSender/CVSender_state/archivo_eml/errores/2026-07-31/022809_379967_postulantes@euroamerica.com.ar_espanol-industrial_2d94ee5c763f.eml"
"2026-07-31T02:28:24-03:00","Euroamérica — Recursos Humanos","Sistemas, infraestructura tecnológica, redes, automatización y seguridad aplicada a logística de vehículos","español-industrial","rrhh@euroamerica.com.ar","Directo — Correo alternativo de Recursos Humanos; realizar un envío separado.","Enviar CV","ERROR","SMTPDataError: (554, b'6.6.0 Error sending message for delivery.')","/home/jfcrypt/Documents/Proyectos/CVSender/CVSender_state/archivo_eml/errores/2026-07-31/022822_039135_rrhh@euroamerica.com.ar_espanol-industrial_10ce2c961bec.eml"
"2026-07-31T02:28:38-03:00","Moniport","Tecnología portuaria y logística automotriz, redes, infraestructura, sistemas de monitoreo, automatización y ciberseguridad","español-industrial","rrhh@moniport.com.ar","Directo — Enviar CV indicando el sector tecnológico de interés.","Enviar CV","ERROR","SMTPDataError: (554, b'6.6.0 Error sending message for delivery.')","/home/jfcrypt/Documents/Proyectos/CVSender/CVSender_state/archivo_eml/errores/2026-07-31/022834_689503_rrhh@moniport.com.ar_espanol-industrial_161b5861a8ae.eml"
"2026-07-31T02:28:50-03:00","LIBECOM","Sistemas embebidos, microcontroladores, electrónica, conectividad, desarrollo de hardware y software para aplicaciones automotrices","español-industrial","rrhh@libecom.com.ar","Directo — Enviar CV directamente a Recursos Humanos.","Enviar CV","ERROR","SMTPDataError: (554, b'6.6.0 Error sending message for delivery.')","/home/jfcrypt/Documents/Proyectos/CVSender/CVSender_state/archivo_eml/errores/2026-07-31/022848_081543_rrhh@libecom.com.ar_espanol-industrial_f3dbec9c5a2c.eml"
"2026-07-31T02:29:04-03:00","Zoomlion Argentina","Sistemas de diagnóstico, electrónica, telemetría, redes, software técnico, automatización y tecnología para maquinaria móvil","español-industrial","rrhh@zoomlionargentina.com.ar","Directo — Enviar CV indicando área tecnológica y provincia de interés.","Enviar CV","ERROR","SMTPDataError: (554, b'6.6.0 Error sending message for delivery.')","/home/jfcrypt/Documents/Proyectos/CVSender/CVSender_state/archivo_eml/errores/2026-07-31/022900_953435_rrhh@zoomlionargentina.com.ar_espanol-industrial_f2d7d2e78da3.eml"
"2026-07-31T02:32:18-03:00","Central Autos","Sistemas, infraestructura, redes, Linux, seguridad informática, datos y automatización de procesos comerciales y de posventa","español-industrial","rrhh@centralchevrolet.com.ar","Directo — Enviar CV directamente al canal laboral.","Enviar CV","ENVIADO","SMTP aceptó el mensaje","/home/jfcrypt/Documents/Proyectos/CVSender/CVSender_state/archivo_eml/enviados/2026-07-31/023214_955053_rrhh@centralchevrolet.com.ar_espanol-industrial_9f554e301891.eml"
"2026-07-31T02:32:30-03:00","Automotores Mega","Infraestructura, redes, sistemas de concesionaria, desarrollo, ciberseguridad, electrónica y tecnología para vehículos comerciales","español-industrial","carolina@automotoresmega.com.ar","Directo — El sitio identifica el correo como canal de Recursos Humanos para futuras búsquedas.","Enviar CV","ENVIADO","SMTP aceptó el mensaje","/home/jfcrypt/Documents/Proyectos/CVSender/CVSender_state/archivo_eml/enviados/2026-07-31/023228_064402_carolina@automotoresmega.com.ar_espanol-industrial_d82c56fdb98e.eml"
"2026-07-31T02:32:44-03:00","Repuestos Pesados","Sistemas, infraestructura, redes, Linux, integración de sucursales, comercio electrónico, datos y ciberseguridad","español-industrial","rrhh@repuestospesados.com.ar","Directo — Enviar CV directamente a Recursos Humanos.","Enviar CV","ENVIADO","SMTP aceptó el mensaje","/home/jfcrypt/Documents/Proyectos/CVSender/CVSender_state/archivo_eml/enviados/2026-07-31/023240_957607_rrhh@repuestospesados.com.ar_espanol-industrial_2117868d5a3a.eml"
"2026-07-31T02:32:57-03:00","Euroamérica — Logística automotriz","Infraestructura IT, redes, sistemas logísticos, automatización, trazabilidad, ciberseguridad y desarrollo de plataformas","español-industrial","postulantes@euroamerica.com.ar","Directo — Enviar CV indicando el perfil tecnológico en el asunto.","Enviar CV","ENVIADO","SMTP aceptó el mensaje","/home/jfcrypt/Documents/Proyectos/CVSender/CVSender_state/archivo_eml/enviados/2026-07-31/023254_299127_postulantes@euroamerica.com.ar_espanol-industrial_26a577c4bda5.eml"
"2026-07-31T02:33:09-03:00","Euroamérica — Recursos Humanos","Sistemas, infraestructura tecnológica, redes, automatización y seguridad aplicada a logística de vehículos","español-industrial","rrhh@euroamerica.com.ar","Directo — Correo alternativo de Recursos Humanos; realizar un envío separado.","Enviar CV","ENVIADO","SMTP aceptó el mensaje","/home/jfcrypt/Documents/Proyectos/CVSender/CVSender_state/archivo_eml/enviados/2026-07-31/023307_032809_rrhh@euroamerica.com.ar_espanol-industrial_44a47e04d980.eml"
"2026-07-31T02:33:22-03:00","Moniport","Tecnología portuaria y logística automotriz, redes, infraestructura, sistemas de monitoreo, automatización y ciberseguridad","español-industrial","rrhh@moniport.com.ar","Directo — Enviar CV indicando el sector tecnológico de interés.","Enviar CV","ENVIADO","SMTP aceptó el mensaje","/home/jfcrypt/Documents/Proyectos/CVSender/CVSender_state/archivo_eml/enviados/2026-07-31/023319_449523_rrhh@moniport.com.ar_espanol-industrial_2d1ba43dab14.eml"
"2026-07-31T02:33:35-03:00","LIBECOM","Sistemas embebidos, microcontroladores, electrónica, conectividad, desarrollo de hardware y software para aplicaciones automotrices","español-industrial","rrhh@libecom.com.ar","Directo — Enviar CV directamente a Recursos Humanos.","Enviar CV","ENVIADO","SMTP aceptó el mensaje","/home/jfcrypt/Documents/Proyectos/CVSender/CVSender_state/archivo_eml/enviados/2026-07-31/023332_189753_rrhh@libecom.com.ar_espanol-industrial_ade8102a7548.eml"
"2026-07-31T02:33:47-03:00","Zoomlion Argentina","Sistemas de diagnóstico, electrónica, telemetría, redes, software técnico, automatización y tecnología para maquinaria móvil","español-industrial","rrhh@zoomlionargentina.com.ar","Directo — Enviar CV indicando área tecnológica y provincia de interés.","Enviar CV","ENVIADO","SMTP aceptó el mensaje","/home/jfcrypt/Documents/Proyectos/CVSender/CVSender_state/archivo_eml/enviados/2026-07-31/023345_102113_rrhh@zoomlionargentina.com.ar_espanol-industrial_7259e7f3b73d.eml"
"2026-07-31T02:41:12-03:00","Gregarious, Inc.","Desarrollo backend con Python/Django, APIs, bases de datos e integración técnica de IA","ingles","careers@greg.app","Directo — Enviar CV en inglés para la búsqueda de Senior Backend Developer.","CV Submission","ENVIADO","SMTP aceptó el mensaje","/home/jfcrypt/Documents/Proyectos/CVSender/CVSender_state/archivo_eml/enviados/2026-07-31/024109_483623_careers@greg.app_ingles_c3a7fd05361a.eml"
"2026-07-31T02:41:25-03:00","Alpenbridge Group","Infraestructura, DevOps, automatización, seguridad, Linux, Python y operación de plataformas","ingles","jobs@alpenbridge.com","Directo — Enviar CV en inglés indicando interés en infraestructura y seguridad.","CV Submission","ENVIADO","SMTP aceptó el mensaje","/home/jfcrypt/Documents/Proyectos/CVSender/CVSender_state/archivo_eml/enviados/2026-07-31/024122_778419_jobs@alpenbridge.com_ingles_6109b36c9d2b.eml"
"2026-07-31T02:41:38-03:00","Looi Consulting LLC","Backend, Linux, Python, APIs, bases de datos, sistemas distribuidos e infraestructura","ingles","marieumali@looiconsulting.com","Directo — Enviar CV en inglés para posiciones de ingeniería de software e infraestructura.","CV Submission","ENVIADO","SMTP aceptó el mensaje","/home/jfcrypt/Documents/Proyectos/CVSender/CVSender_state/archivo_eml/enviados/2026-07-31/024135_744625_marieumali@looiconsulting.com_ingles_3ef88af6a718.eml"
"2026-07-31T02:41:50-03:00","Centro Nacional de Ciberseguridad","Criptografía, ciberseguridad, protección de infraestructura crítica, seguridad de comunicaciones y políticas técnicas","español-industrial","ciberseguridad@cnc.gob.ar","Derivación — Solicitar que el CV sea remitido al área de personal o equipo técnico competente.","Enviar CV","ENVIADO","SMTP aceptó el mensaje","/home/jfcrypt/Documents/Proyectos/CVSender/CVSender_state/archivo_eml/enviados/2026-07-31/024148_409360_ciberseguridad@cnc.gob.ar_espanol-industrial_4e53e778256c.eml"
"2026-07-31T12:54:50-03:00","Oracle Argentina — Reclutamiento regional","Cloud, infraestructura, bases de datos, seguridad, Linux, arquitectura, desarrollo, datos, IA y consultoría tecnológica","ingles","maria.cristina.rey@oracle.com","Directo — Canal utilizado por reclutamiento de Oracle Argentina; enviar CV tecnológico en inglés.","CV Submission","ENVIADO","SMTP aceptó el mensaje","/home/jfcrypt/Documents/Proyectos/CVSender/CVSender_state/archivo_eml/enviados/2026-07-31/125447_312069_maria.cristina.rey@oracle.com_ingles_9063b6e324d5.eml"
"2026-07-31T12:55:03-03:00","Huawei Argentina — Reclutamiento","Telecomunicaciones, redes, infraestructura ICT, cloud, ciberseguridad, software, electrónica y operaciones técnicas","ingles","linjiacai@huawei.com","Probable — Correo oficial utilizado por reclutamiento de la oficina argentina; enviar CV en inglés con presentación breve.","CV Submission","ENVIADO","SMTP aceptó el mensaje","/home/jfcrypt/Documents/Proyectos/CVSender/CVSender_state/archivo_eml/enviados/2026-07-31/125500_728112_linjiacai@huawei.com_ingles_b3d4d2dd5634.eml"
"2026-07-31T12:55:16-03:00","Huawei Enterprise Argentina — Equipo ICT","Infraestructura, almacenamiento, cloud, redes, ciberseguridad, arquitectura de soluciones y tecnología empresarial","ingles","guido.ignacio.crespin@huawei.com","Derivación — Contacto técnico oficial de Huawei Argentina; solicitar remisión del CV a Recursos Humanos o al equipo tecnológico compatible.","CV Submission","ENVIADO","SMTP aceptó el mensaje","/home/jfcrypt/Documents/Proyectos/CVSender/CVSender_state/archivo_eml/enviados/2026-07-31/125513_745475_guido.ignacio.crespin@huawei.com_ingles_04dae67da256.eml"
"2026-07-31T12:55:28-03:00","Softtek Argentina — Talent Acquisition","Desarrollo backend, integración de sistemas, APIs, arquitectura, datos, automatización, infraestructura y seguridad","español-industrial","camila.gomez@softtek.com","Directo — Reclutadora IT de Softtek Argentina; enviar CV para búsquedas tecnológicas compatibles.","Enviar CV","ENVIADO","SMTP aceptó el mensaje","/home/jfcrypt/Documents/Proyectos/CVSender/CVSender_state/archivo_eml/enviados/2026-07-31/125526_219277_camila.gomez@softtek.com_espanol-industrial_0969c3fcc155.eml"
"2026-07-31T12:55:41-03:00","Stefanini Argentina — Talent Acquisition","Infraestructura, redes, Linux, virtualización, ciberseguridad, datos, desarrollo y operaciones tecnológicas","español-industrial","ascuevas@stefanini.com","Probable — Reclutamiento tecnológico regional; enviar CV y solicitar consideración para posiciones compatibles en Argentina.","Enviar CV","ENVIADO","SMTP aceptó el mensaje","/home/jfcrypt/Documents/Proyectos/CVSender/CVSender_state/archivo_eml/enviados/2026-07-31/125538_807645_ascuevas@stefanini.com_espanol-industrial_d665cc893b6d.eml"
"2026-07-31T12:55:54-03:00","SLE TechSolutions","Desarrollo y soporte SAP, integración, infraestructura, outsourcing tecnológico y soluciones para manufactura","español-industrial","rrhh@sle.com.ar","Directo — Enviar CV directamente al canal laboral permanente.","Enviar CV","ENVIADO","SMTP aceptó el mensaje","/home/jfcrypt/Documents/Proyectos/CVSender/CVSender_state/archivo_eml/enviados/2026-07-31/125551_371597_rrhh@sle.com.ar_espanol-industrial_58b71077d404.eml"
"2026-07-31T12:56:07-03:00","Implementar Consultores — Selección IT","Desarrollo, infraestructura, Linux, redes, seguridad, datos, DevOps y perfiles tecnológicos para empresas clientes","español-industrial","implementar-rrhh@implementar.com.ar","Directo — Incorporarse a la base de selección especializada en profesionales IT.","Enviar CV","ENVIADO","SMTP aceptó el mensaje","/home/jfcrypt/Documents/Proyectos/CVSender/CVSender_state/archivo_eml/enviados/2026-07-31/125604_757174_implementar-rrhh@implementar.com.ar_espanol-industrial_7f2e3461cace.eml"
"2026-07-31T12:56:20-03:00","Cambalache Technologies","Desarrollo de software, integración, Salesforce, arquitectura, automatización y plataformas empresariales","español-industrial","empleos@c-tech.com.ar","Directo — Enviar CV espontáneamente; la empresa declara conservar candidaturas para futuras búsquedas.","Enviar CV","ENVIADO","SMTP aceptó el mensaje","/home/jfcrypt/Documents/Proyectos/CVSender/CVSender_state/archivo_eml/enviados/2026-07-31/125617_587967_empleos@c-tech.com.ar_espanol-industrial_350c57b7dd00.eml"
"2026-07-31T12:56:32-03:00","Legado IT","Desarrollo, infraestructura, soporte, consultoría tecnológica, sistemas y trabajo remoto","español-industrial","rrhh@legadoit.com.ar","Directo — Enviar CV directamente a Recursos Humanos.","Enviar CV","ENVIADO","SMTP aceptó el mensaje","/home/jfcrypt/Documents/Proyectos/CVSender/CVSender_state/archivo_eml/enviados/2026-07-31/125630_498239_rrhh@legadoit.com.ar_espanol-industrial_2c1638e100e9.eml"
"2026-07-31T12:56:45-03:00","Alions Consultores — Selección tecnológica","Backend, telecomunicaciones, Business Intelligence, infraestructura, datos y posiciones IT para empresas clientes","español-industrial","rrhh@alions.com.ar","Directo — Incorporarse a la base de candidatos tecnológicos.","Enviar CV","ERROR","SMTPDataError: (554, b'6.6.0 Error sending message for delivery.')","/home/jfcrypt/Documents/Proyectos/CVSender/CVSender_state/archivo_eml/errores/2026-07-31/125642_821725_rrhh@alions.com.ar_espanol-industrial_0bbcd2c56087.eml"
"2026-07-31T13:00:30-03:00","Alions Consultores — Selección tecnológica","Backend, telecomunicaciones, Business Intelligence, infraestructura, datos y posiciones IT para empresas clientes","español-industrial","rrhh@alions.com.ar","Directo — Incorporarse a la base de candidatos tecnológicos.","Enviar CV","ENVIADO","SMTP aceptó el mensaje","/home/jfcrypt/Documents/Proyectos/CVSender/CVSender_state/archivo_eml/enviados/2026-07-31/130027_997275_rrhh@alions.com.ar_espanol-industrial_eb3f6754c625.eml"
"2026-07-31T16:46:27-03:00","Alions Consultores — Selección tecnológica","Backend, telecomunicaciones, Business Intelligence, infraestructura, datos y posiciones IT para empresas clientes","español-industrial","rrhh@alions.com.ar","Directo — Incorporarse a la base de candidatos tecnológicos.","Enviar CV","ENVIADO","SMTP aceptó el mensaje","/home/jfcrypt/Documents/Proyectos/CVSender/CVSender_state/archivo_eml/enviados/2026-07-31/164623_635867_rrhh@alions.com.ar_espanol-industrial_d7877ff46a5b.eml"
"2026-07-31T16:46:40-03:00","Geopagos — Talent","Backend, APIs, infraestructura de pagos, seguridad, datos, automatización, integración y plataformas financieras","español-industrial","talent@geopagos.com","Directo — Enviar CV directamente al equipo de Talent.","Enviar CV","ENVIADO","SMTP aceptó el mensaje","/home/jfcrypt/Documents/Proyectos/CVSender/CVSender_state/archivo_eml/enviados/2026-07-31/164637_536800_talent@geopagos.com_espanol-industrial_1047bd1e9af7.eml"
"2026-07-31T16:46:53-03:00","Azumo — Recursos Humanos","Python Engineer, backend Python, IA aplicada, NLP, APIs y software de datos","ingles","hr@azumo.co","Probable — Correo oficial del área de Recursos Humanos; enviar CV en inglés y solicitar consideración para Python Engineer.","CV Submission","ENVIADO","SMTP aceptó el mensaje","/home/jfcrypt/Documents/Proyectos/CVSender/CVSender_state/archivo_eml/enviados/2026-07-31/164650_449829_hr@azumo.co_ingles_5e4524486978.eml"
"2026-07-31T16:47:06-03:00","Flux IT — Contacto institucional","Python Developer, backend, datos, APIs, automatización y soluciones para finanzas, seguros y logística","español-industrial","info@fluxitsoft.com","Derivación — Solicitar que el CV sea remitido al equipo de People o selección tecnológica.","Enviar CV","ENVIADO","SMTP aceptó el mensaje","/home/jfcrypt/Documents/Proyectos/CVSender/CVSender_state/archivo_eml/enviados/2026-07-31/164703_085263_info@fluxitsoft.com_espanol-industrial_9b41f4075a7a.eml"
"2026-07-31T16:47:19-03:00","NUTHOST","Administración de servidores Linux, infraestructura de hosting, redes, automatización, hardening y soporte de entornos productivos","español-industrial","rrhh@nuthost.com","Directo — Postular a la búsqueda de Administración de Servidores Linux.","Enviar CV","ENVIADO","SMTP aceptó el mensaje","/home/jfcrypt/Documents/Proyectos/CVSender/CVSender_state/archivo_eml/enviados/2026-07-31/164716_886256_rrhh@nuthost.com_espanol-industrial_540b8aaf35f3.eml"
"2026-07-31T16:47:32-03:00","Plan-IT","Administración Linux/Unix, infraestructura, servidores, redes, automatización y soporte de plataformas","español-industrial","personas@plan-it.com.ar","Directo — Enviar CV directamente al Departamento de Personas.","Enviar CV","ENVIADO","SMTP aceptó el mensaje","/home/jfcrypt/Documents/Proyectos/CVSender/CVSender_state/archivo_eml/enviados/2026-07-31/164729_568033_personas@plan-it.com.ar_espanol-industrial_d3c5f9c708e4.eml"
"2026-07-31T16:47:45-03:00","RP Consultoría","Administración de redes e infraestructura, Linux, datacenter, VPN, seguridad de redes y servidores","español-industrial","rrhh@rpconsultoria.com.ar","Directo — Enviar CV indicando la referencia Administración de Redes.","Enviar CV","ENVIADO","SMTP aceptó el mensaje","/home/jfcrypt/Documents/Proyectos/CVSender/CVSender_state/archivo_eml/enviados/2026-07-31/164742_246468_rrhh@rpconsultoria.com.ar_espanol-industrial_167b4ec55c4e.eml"
"2026-07-31T16:47:58-03:00","Implementar Consultores — Selección IT","Administración Unix/Linux, infraestructura, servidores, automatización y operaciones tecnológicas","español-industrial","implementar-rrhh@implementar.com.ar","Directo — Incorporarse a la base de selección IT para búsquedas Linux/Unix.","Enviar CV","ENVIADO","SMTP aceptó el mensaje","/home/jfcrypt/Documents/Proyectos/CVSender/CVSender_state/archivo_eml/enviados/2026-07-31/164755_088668_implementar-rrhh@implementar.com.ar_espanol-industrial_8da713522acf.eml"
"2026-07-31T16:48:12-03:00","VACH — Selección tecnológica","SysAdmin Linux, DevOps, VoIP, NOC, redes y servicios de alta disponibilidad","español-industrial","rrhh@vach.ar","Directo — Enviar CV indicando la referencia Linux, SysAdmin, DevOps o NOC.","Enviar CV","ERROR","SMTPDataError: (554, b'6.6.0 Error sending message for delivery.')","/home/jfcrypt/Documents/Proyectos/CVSender/CVSender_state/archivo_eml/errores/2026-07-31/164808_497908_rrhh@vach.ar_espanol-industrial_e78e64e4a320.eml"
"2026-07-31T16:48:24-03:00","HN Patagonia","SysAdmin Linux, monitoreo, observabilidad, automatización y administración de infraestructura","español-industrial","cv@hnpatagonia.com.ar","Probable — Canal de selección IT publicado; enviar CV para búsquedas Linux e infraestructura.","Enviar CV","ERROR","SMTPDataError: (554, b'6.6.0 Error sending message for delivery.')","/home/jfcrypt/Documents/Proyectos/CVSender/CVSender_state/archivo_eml/errores/2026-07-31/164822_043693_cv@hnpatagonia.com.ar_espanol-industrial_6b7dd7498221.eml"
"2026-07-31T16:48:37-03:00","BD Capital Humano","Soporte de aplicaciones e infraestructura con Linux, Windows, SQL, redes y Docker","español-industrial","rrhh@bdcapitalhumano.com.ar","Probable — Consultora de selección; enviar CV para futuras posiciones Linux e infraestructura.","Enviar CV","ERROR","SMTPDataError: (554, b'6.6.0 Error sending message for delivery.')","/home/jfcrypt/Documents/Proyectos/CVSender/CVSender_state/archivo_eml/errores/2026-07-31/164834_644262_rrhh@bdcapitalhumano.com.ar_espanol-industrial_df9e7f344994.eml"
"2026-07-31T16:48:49-03:00","Estudio Plan & Asociados — Auditores y Consultores Tributarios","Infraestructura interna, redes, Linux, administración de hardware y software, automatización, bases de datos y ciberseguridad","español-industrial","rrhh@estudioplan.com.ar","Directo — Enviar CV directamente a Recursos Humanos, orientado a soporte e infraestructura tecnológica interna.","Enviar CV","ERROR","SMTPDataError: (554, b'6.6.0 Error sending message for delivery.')","/home/jfcrypt/Documents/Proyectos/CVSender/CVSender_state/archivo_eml/errores/2026-07-31/164847_130673_rrhh@estudioplan.com.ar_espanol-industrial_167fd6341cf5.eml"
"2026-07-31T16:49:03-03:00","Estudio Verino","Sistemas de gestión contable, infraestructura, redes, seguridad, automatización, soporte y administración tecnológica","español-industrial","rrhh@estudioverino.com.ar","Directo — Enviar CV directamente para futuras necesidades de sistemas e infraestructura.","Enviar CV","ERROR","SMTPDataError: (554, b'6.6.0 Error sending message for delivery.')","/home/jfcrypt/Documents/Proyectos/CVSender/CVSender_state/archivo_eml/errores/2026-07-31/164859_890838_rrhh@estudioverino.com.ar_espanol-industrial_a436be28a828.eml"
"2026-07-31T16:49:16-03:00","Estudio Contable Schiavo","Infraestructura IT, soporte, redes, administración de sistemas, seguridad informática y automatización de procesos","español-industrial","rrhh@estudiocontableschiavo.com.ar","Directo — Enviar CV directamente, indicando interés en tecnología y sistemas internos.","Enviar CV","ERROR","SMTPDataError: (554, b'6.6.0 Error sending message for delivery.')","/home/jfcrypt/Documents/Proyectos/CVSender/CVSender_state/archivo_eml/errores/2026-07-31/164913_551020_rrhh@estudiocontableschiavo.com.ar_espanol-industrial_fccfa91ddbea.eml"
"2026-07-31T16:49:30-03:00","Estudio Tonnelier","Sistemas contables, infraestructura, redes, bases de datos, seguridad, integración y automatización","español-industrial","rrhh@estudiotonnelier.com.ar","Directo — Enviar CV directamente para consideración en funciones tecnológicas o administrativas especializadas.","Enviar CV","ERROR","SMTPDataError: (554, b'6.6.0 Error sending message for delivery.')","/home/jfcrypt/Documents/Proyectos/CVSender/CVSender_state/archivo_eml/errores/2026-07-31/164926_352138_rrhh@estudiotonnelier.com.ar_espanol-industrial_18097cc167f2.eml"
"2026-07-31T16:49:42-03:00","O&G Outsourcing & Gestión","Automatización, infraestructura, sistemas de gestión, seguridad, análisis de datos e integración tecnológica","español-industrial","rrhh@ogsa.com.ar","Directo — Enviar CV directamente, destacando automatización y transformación tecnológica de procesos profesionales.","Enviar CV","ERROR","SMTPDataError: (554, b'6.6.0 Error sending message for delivery.')","/home/jfcrypt/Documents/Proyectos/CVSender/CVSender_state/archivo_eml/errores/2026-07-31/164940_028907_rrhh@ogsa.com.ar_espanol-industrial_02d494e65566.eml"
"2026-07-31T16:49:55-03:00","Estudio Kelman & Asociados","Infraestructura, redes, sistemas contables, seguridad de la información, soporte y automatización","español-industrial","estudio@kelman.com","Probable — Canal publicado junto a la recepción de CV; enviar presentación breve solicitando consideración para necesidades IT internas.","Enviar CV","ERROR","SMTPDataError: (554, b'6.6.0 Error sending message for delivery.')","/home/jfcrypt/Documents/Proyectos/CVSender/CVSender_state/archivo_eml/errores/2026-07-31/164952_848842_estudio@kelman.com_espanol-industrial_d8685a4347af.eml"
"2026-07-31T16:50:08-03:00","Estudio Jurídico Torrandel","Infraestructura de oficina, redes, hardware, software jurídico, seguridad documental, backups y soporte tecnológico","español-industrial","torrandelabogados@estudiotorrandel.com.ar","Probable — El estudio recibe CV mediante su sección laboral; enviar CV solicitando consideración para soporte o infraestructura interna.","Enviar CV","ENVIADO","SMTP aceptó el mensaje","/home/jfcrypt/Documents/Proyectos/CVSender/CVSender_state/archivo_eml/enviados/2026-07-31/165005_621342_torrandelabogados@estudiotorrandel.com.ar_espanol-industrial_d4b88dc33409.eml"
"2026-07-31T16:50:21-03:00","RCTZZ — Estudio Jurídico","Infraestructura corporativa, redes, ciberseguridad, gestión documental, sistemas jurídicos, automatización y continuidad operativa","español-industrial","estudio@rctzz.com.ar","Derivación — Solicitar que el CV sea remitido a Administración, Recursos Humanos o al responsable de Tecnología.","Enviar CV","ENVIADO","SMTP aceptó el mensaje","/home/jfcrypt/Documents/Proyectos/CVSender/CVSender_state/archivo_eml/enviados/2026-07-31/165018_239426_estudio@rctzz.com.ar_espanol-industrial_104865179a0e.eml"
"2026-07-31T16:50:35-03:00","Chinni, Seleme Bugner y Asociados — Outsourcing","Sistemas de gestión, infraestructura, automatización, seguridad, bases de datos y soporte de servicios profesionales","español-industrial","croverano@csbya.com.ar","Derivación — Contacto oficial del área de Outsourcing; solicitar remisión del CV a RR.HH. o Administración de Sistemas.","Enviar CV","ENVIADO","SMTP aceptó el mensaje","/home/jfcrypt/Documents/Proyectos/CVSender/CVSender_state/archivo_eml/enviados/2026-07-31/165031_097975_croverano@csbya.com.ar_espanol-industrial_4fd82b81f3ad.eml"
"2026-07-31T16:50:48-03:00","T.A. Gas Technology","Automatización, instrumentación, control, redes industriales, software técnico, infraestructura y ciberseguridad OT","español-industrial","rrhh@ta.com.ar","Directo — Enviar CV directamente al canal oficial de Recursos Humanos.","Enviar CV","ENVIADO","SMTP aceptó el mensaje","/home/jfcrypt/Documents/Proyectos/CVSender/CVSender_state/archivo_eml/enviados/2026-07-31/165045_631121_rrhh@ta.com.ar_espanol-industrial_4e518e8f371e.eml"
"2026-07-31T16:51:00-03:00","PROILDE","Infraestructura tecnológica, automatización, sistemas eléctricos, instrumentación, redes, Linux y software para operaciones industriales","español-industrial","rrhh@proilde.com","Directo — Enviar CV directamente al canal laboral publicado.","Enviar CV","ENVIADO","SMTP aceptó el mensaje","/home/jfcrypt/Documents/Proyectos/CVSender/CVSender_state/archivo_eml/enviados/2026-07-31/165058_296219_rrhh@proilde.com_espanol-industrial_245badccd5ff.eml"
"2026-07-31T16:51:13-03:00","El Fortín Construcciones","Infraestructura IT, automatización, telecomunicaciones, sistemas de operación, redes industriales y seguridad OT","español-industrial","rrhh@fortincp.com.ar","Directo — Enviar CV directamente y consultar por oportunidades en Oil & Gas.","Enviar CV","ENVIADO","SMTP aceptó el mensaje","/home/jfcrypt/Documents/Proyectos/CVSender/CVSender_state/archivo_eml/enviados/2026-07-31/165110_993133_rrhh@fortincp.com.ar_espanol-industrial_ae1549ea0a33.eml"
"2026-07-31T16:51:26-03:00","BS Proyectos Industriales","Automatización, control, infraestructura, redes, sistemas, telecomunicaciones y tecnología para petróleo, gas y petroquímica","español-industrial","rrhh@bspi.com.ar","Directo — Enviar CV directamente o consultar por búsquedas compatibles.","Enviar CV","ENVIADO","SMTP aceptó el mensaje","/home/jfcrypt/Documents/Proyectos/CVSender/CVSender_state/archivo_eml/enviados/2026-07-31/165123_844864_rrhh@bspi.com.ar_espanol-industrial_bbba2407bf6e.eml"
"2026-07-31T16:51:39-03:00","Petroplastic","Electrónica, automatización, control de equipos, sistemas embebidos, instrumentación, software técnico y comunicaciones industriales","español-industrial","rrhh@petroplastic.com.ar","Directo — Enviar CV directamente a Recursos Humanos.","Enviar CV","ENVIADO","SMTP aceptó el mensaje","/home/jfcrypt/Documents/Proyectos/CVSender/CVSender_state/archivo_eml/enviados/2026-07-31/165136_766240_rrhh@petroplastic.com.ar_espanol-industrial_726787b993d9.eml"
"2026-07-31T16:51:52-03:00","Cominter","Infraestructura, redes, Linux, automatización, sistemas industriales, telecomunicaciones y ciberseguridad","español-industrial","rrhh@cominterba.com","Directo — Enviar CV directamente al canal “Trabajá con nosotros”.","Enviar CV","ERROR","SMTPDataError: (554, b'6.6.0 Error sending message for delivery.')","/home/jfcrypt/Documents/Proyectos/CVSender/CVSender_state/archivo_eml/errores/2026-07-31/165149_446805_rrhh@cominterba.com_espanol-industrial_0dc368919312.eml"
"2026-07-31T16:52:05-03:00","HIDROFRAC","Sistemas de monitoreo, infraestructura, redes, automatización, telemetría, software y ciberseguridad aplicada a Water Management","español-industrial","rrhh@hidrofrac.com.ar","Directo — Enviar CV directamente para consideración en áreas tecnológicas y operativas.","Enviar CV","ERROR","SMTPDataError: (554, b'6.6.0 Error sending message for delivery.')","/home/jfcrypt/Documents/Proyectos/CVSender/CVSender_state/archivo_eml/errores/2026-07-31/165202_744521_rrhh@hidrofrac.com.ar_espanol-industrial_29bd1275eab2.eml"
"2026-07-31T16:52:18-03:00","El Nuevo Faro SRL","Seguridad de la información, infraestructura, redes, automatización, control, sistemas de gestión y tecnología industrial","español-industrial","rrhh@enf-srl.com.ar","Directo — Enviar CV directamente a Recursos Humanos.","Enviar CV","ERROR","SMTPDataError: (554, b'6.6.0 Error sending message for delivery.')","/home/jfcrypt/Documents/Proyectos/CVSender/CVSender_state/archivo_eml/errores/2026-07-31/165215_678253_rrhh@enf-srl.com.ar_espanol-industrial_01541978239d.eml"
"2026-07-31T16:52:30-03:00","Polar Offshore","Telecomunicaciones, infraestructura, sistemas logísticos, redes, seguridad, automatización y tecnología para operaciones petroleras y marítimas","español-industrial","rrhh@polaroffshore.com","Directo — Enviar CV directamente al área de Recursos Humanos.","Enviar CV","ERROR","SMTPDataError: (554, b'6.6.0 Error sending message for delivery.')","/home/jfcrypt/Documents/Proyectos/CVSender/CVSender_state/archivo_eml/errores/2026-07-31/165228_294646_rrhh@polaroffshore.com_espanol-industrial_2bcb8db0a7f7.eml"
"2026-07-31T16:52:44-03:00","Bolsareco SRL","Infraestructura, redes, sistemas de gestión, automatización, monitoreo, ciberseguridad y tecnología para servicios ambientales e industriales","español-industrial","rrhh@bolsareco.com.ar","Directo — Enviar CV directamente mediante el correo laboral publicado.","Enviar CV","ERROR","SMTPDataError: (554, b'6.6.0 Error sending message for delivery.')","/home/jfcrypt/Documents/Proyectos/CVSender/CVSender_state/archivo_eml/errores/2026-07-31/165240_873824_rrhh@bolsareco.com.ar_espanol-industrial_5941e5fa105f.eml"
"2026-07-31T16:52:56-03:00","ZLT Inversiones","Tecnología e infraestructura para Oil & Gas, minería y logística; sistemas, redes, automatización, datos y ciberseguridad","español-industrial","rrhh@somoszlt.com","Directo — Enviar CV directamente al canal de Recursos Humanos.","Enviar CV","ERROR","SMTPServerDisconnected: Connection unexpectedly closed","/home/jfcrypt/Documents/Proyectos/CVSender/CVSender_state/archivo_eml/errores/2026-07-31/165254_346798_rrhh@somoszlt.com_espanol-industrial_40e2dfb1f0a9.eml"
"2026-07-31T16:53:08-03:00","Patagonia Resources","Infraestructura, sistemas, redes, ciberseguridad, automatización y perfiles tecnológicos para empresas energéticas de la Patagonia","español-industrial","busquedas@patagoniaresources.com.ar","Directo — Incorporarse a la base de selección especializada en Oil & Gas y energía.","Enviar CV","ERROR","SMTPServerDisconnected: Connection unexpectedly closed","/home/jfcrypt/Documents/Proyectos/CVSender/CVSender_state/archivo_eml/errores/2026-07-31/165306_310926_busquedas@patagoniaresources.com.ar_espanol-industrial_b95a076294b0.eml"
"2026-07-31T16:53:19-03:00","Patagonia Resources — contacto general","Perfiles tecnológicos para operadoras y empresas de servicios de Vaca Muerta","español-industrial","info@patagoniaresources.com.ar","Probable — Consultora especializada en selección energética; enviar CV y solicitar incorporación a su red de talentos.","Enviar CV","ERROR","SMTPServerDisconnected: Connection unexpectedly closed","/home/jfcrypt/Documents/Proyectos/CVSender/CVSender_state/archivo_eml/errores/2026-07-31/165318_101389_info@patagoniaresources.com.ar_espanol-industrial_57616fe4579d.eml"
"2026-07-31T16:53:31-03:00","Nova Servicios Petroleros","Automatización, control de equipos, variadores, electrónica, sistemas embebidos, software técnico e integración tecnológica","español-industrial","dtaylor@novaservicios.com.ar","Derivación — Contacto corporativo oficial; solicitar remisión del CV al responsable de incorporaciones.","Enviar CV","ERROR","SMTPServerDisconnected: Connection unexpectedly closed","/home/jfcrypt/Documents/Proyectos/CVSender/CVSender_state/archivo_eml/errores/2026-07-31/165329_730399_dtaylor@novaservicios.com.ar_espanol-industrial_9ca7cd504552.eml"
"2026-07-31T17:08:17-03:00","VACH — Selección tecnológica","SysAdmin Linux, DevOps, VoIP, NOC, redes y servicios de alta disponibilidad","español-industrial","rrhh@vach.ar","Directo — Enviar CV indicando la referencia Linux, SysAdmin, DevOps o NOC.","Enviar CV","ENVIADO","SMTP aceptó el mensaje","/home/jfcrypt/Documents/Proyectos/CVSender/CVSender_state/archivo_eml/enviados/2026-07-31/170814_120738_rrhh@vach.ar_espanol-industrial_c3cb2385dfd5.eml"
"2026-07-31T17:08:35-03:00","HN Patagonia","SysAdmin Linux, monitoreo, observabilidad, automatización y administración de infraestructura","español-industrial","cv@hnpatagonia.com.ar","Probable — Canal de selección IT publicado; enviar CV para búsquedas Linux e infraestructura.","Enviar CV","ENVIADO","SMTP aceptó el mensaje","/home/jfcrypt/Documents/Proyectos/CVSender/CVSender_state/archivo_eml/enviados/2026-07-31/170832_615188_cv@hnpatagonia.com.ar_espanol-industrial_7535f12935d2.eml"
"2026-07-31T17:08:52-03:00","BD Capital Humano","Soporte de aplicaciones e infraestructura con Linux, Windows, SQL, redes y Docker","español-industrial","rrhh@bdcapitalhumano.com.ar","Probable — Consultora de selección; enviar CV para futuras posiciones Linux e infraestructura.","Enviar CV","ENVIADO","SMTP aceptó el mensaje","/home/jfcrypt/Documents/Proyectos/CVSender/CVSender_state/archivo_eml/enviados/2026-07-31/170850_189099_rrhh@bdcapitalhumano.com.ar_espanol-industrial_16f2040d1018.eml"
"2026-07-31T17:09:10-03:00","Estudio Plan & Asociados — Auditores y Consultores Tributarios","Infraestructura interna, redes, Linux, administración de hardware y software, automatización, bases de datos y ciberseguridad","español-industrial","rrhh@estudioplan.com.ar","Directo — Enviar CV directamente a Recursos Humanos, orientado a soporte e infraestructura tecnológica interna.","Enviar CV","ENVIADO","SMTP aceptó el mensaje","/home/jfcrypt/Documents/Proyectos/CVSender/CVSender_state/archivo_eml/enviados/2026-07-31/170907_725968_rrhh@estudioplan.com.ar_espanol-industrial_ec48baf90887.eml"
"2026-07-31T17:09:27-03:00","Estudio Verino","Sistemas de gestión contable, infraestructura, redes, seguridad, automatización, soporte y administración tecnológica","español-industrial","rrhh@estudioverino.com.ar","Directo — Enviar CV directamente para futuras necesidades de sistemas e infraestructura.","Enviar CV","ENVIADO","SMTP aceptó el mensaje","/home/jfcrypt/Documents/Proyectos/CVSender/CVSender_state/archivo_eml/enviados/2026-07-31/170925_171260_rrhh@estudioverino.com.ar_espanol-industrial_b570c0678abe.eml"
"2026-07-31T17:09:45-03:00","Estudio Contable Schiavo","Infraestructura IT, soporte, redes, administración de sistemas, seguridad informática y automatización de procesos","español-industrial","rrhh@estudiocontableschiavo.com.ar","Directo — Enviar CV directamente, indicando interés en tecnología y sistemas internos.","Enviar CV","ENVIADO","SMTP aceptó el mensaje","/home/jfcrypt/Documents/Proyectos/CVSender/CVSender_state/archivo_eml/enviados/2026-07-31/170942_771165_rrhh@estudiocontableschiavo.com.ar_espanol-industrial_165143c829f5.eml"
"2026-07-31T17:10:04-03:00","Estudio Tonnelier","Sistemas contables, infraestructura, redes, bases de datos, seguridad, integración y automatización","español-industrial","rrhh@estudiotonnelier.com.ar","Directo — Enviar CV directamente para consideración en funciones tecnológicas o administrativas especializadas.","Enviar CV","ENVIADO","SMTP aceptó el mensaje","/home/jfcrypt/Documents/Proyectos/CVSender/CVSender_state/archivo_eml/enviados/2026-07-31/171000_479278_rrhh@estudiotonnelier.com.ar_espanol-industrial_862c53004a46.eml"
"2026-07-31T17:10:22-03:00","O&G Outsourcing & Gestión","Automatización, infraestructura, sistemas de gestión, seguridad, análisis de datos e integración tecnológica","español-industrial","rrhh@ogsa.com.ar","Directo — Enviar CV directamente, destacando automatización y transformación tecnológica de procesos profesionales.","Enviar CV","ENVIADO","SMTP aceptó el mensaje","/home/jfcrypt/Documents/Proyectos/CVSender/CVSender_state/archivo_eml/enviados/2026-07-31/171019_004824_rrhh@ogsa.com.ar_espanol-industrial_de6f1f497027.eml"
"2026-07-31T17:10:40-03:00","Estudio Kelman & Asociados","Infraestructura, redes, sistemas contables, seguridad de la información, soporte y automatización","español-industrial","estudio@kelman.com","Probable — Canal publicado junto a la recepción de CV; enviar presentación breve solicitando consideración para necesidades IT internas.","Enviar CV","ENVIADO","SMTP aceptó el mensaje","/home/jfcrypt/Documents/Proyectos/CVSender/CVSender_state/archivo_eml/enviados/2026-07-31/171037_117257_estudio@kelman.com_espanol-industrial_d25f6969a5da.eml"
"2026-07-31T17:10:59-03:00","Cominter","Infraestructura, redes, Linux, automatización, sistemas industriales, telecomunicaciones y ciberseguridad","español-industrial","rrhh@cominterba.com","Directo — Enviar CV directamente al canal “Trabajá con nosotros”.","Enviar CV","ENVIADO","SMTP aceptó el mensaje","/home/jfcrypt/Documents/Proyectos/CVSender/CVSender_state/archivo_eml/enviados/2026-07-31/171055_199772_rrhh@cominterba.com_espanol-industrial_1c481c39580d.eml"
"2026-07-31T17:11:16-03:00","HIDROFRAC","Sistemas de monitoreo, infraestructura, redes, automatización, telemetría, software y ciberseguridad aplicada a Water Management","español-industrial","rrhh@hidrofrac.com.ar","Directo — Enviar CV directamente para consideración en áreas tecnológicas y operativas.","Enviar CV","ENVIADO","SMTP aceptó el mensaje","/home/jfcrypt/Documents/Proyectos/CVSender/CVSender_state/archivo_eml/enviados/2026-07-31/171114_147461_rrhh@hidrofrac.com.ar_espanol-industrial_5d93120d7460.eml"
"2026-07-31T17:11:34-03:00","El Nuevo Faro SRL","Seguridad de la información, infraestructura, redes, automatización, control, sistemas de gestión y tecnología industrial","español-industrial","rrhh@enf-srl.com.ar","Directo — Enviar CV directamente a Recursos Humanos.","Enviar CV","ENVIADO","SMTP aceptó el mensaje","/home/jfcrypt/Documents/Proyectos/CVSender/CVSender_state/archivo_eml/enviados/2026-07-31/171131_893240_rrhh@enf-srl.com.ar_espanol-industrial_535fa3c6a3b5.eml"
"2026-07-31T17:11:52-03:00","Polar Offshore","Telecomunicaciones, infraestructura, sistemas logísticos, redes, seguridad, automatización y tecnología para operaciones petroleras y marítimas","español-industrial","rrhh@polaroffshore.com","Directo — Enviar CV directamente al área de Recursos Humanos.","Enviar CV","ENVIADO","SMTP aceptó el mensaje","/home/jfcrypt/Documents/Proyectos/CVSender/CVSender_state/archivo_eml/enviados/2026-07-31/171149_818523_rrhh@polaroffshore.com_espanol-industrial_33e670a28bd5.eml"
"2026-07-31T17:12:10-03:00","Bolsareco SRL","Infraestructura, redes, sistemas de gestión, automatización, monitoreo, ciberseguridad y tecnología para servicios ambientales e industriales","español-industrial","rrhh@bolsareco.com.ar","Directo — Enviar CV directamente mediante el correo laboral publicado.","Enviar CV","ENVIADO","SMTP aceptó el mensaje","/home/jfcrypt/Documents/Proyectos/CVSender/CVSender_state/archivo_eml/enviados/2026-07-31/171207_562828_rrhh@bolsareco.com.ar_espanol-industrial_0561b83daf97.eml"
"2026-07-31T17:12:29-03:00","ZLT Inversiones","Tecnología e infraestructura para Oil & Gas, minería y logística; sistemas, redes, automatización, datos y ciberseguridad","español-industrial","rrhh@somoszlt.com","Directo — Enviar CV directamente al canal de Recursos Humanos.","Enviar CV","ERROR","SMTPDataError: (554, b'6.6.0 Error sending message for delivery.')","/home/jfcrypt/Documents/Proyectos/CVSender/CVSender_state/archivo_eml/errores/2026-07-31/171225_543771_rrhh@somoszlt.com_espanol-industrial_be4d7271a94b.eml"
"2026-07-31T17:12:47-03:00","Patagonia Resources","Infraestructura, sistemas, redes, ciberseguridad, automatización y perfiles tecnológicos para empresas energéticas de la Patagonia","español-industrial","busquedas@patagoniaresources.com.ar","Directo — Incorporarse a la base de selección especializada en Oil & Gas y energía.","Enviar CV","ERROR","SMTPDataError: (554, b'6.6.0 Error sending message for delivery.')","/home/jfcrypt/Documents/Proyectos/CVSender/CVSender_state/archivo_eml/errores/2026-07-31/171244_761667_busquedas@patagoniaresources.com.ar_espanol-industrial_a560c91984d8.eml"
"2026-07-31T17:13:05-03:00","Patagonia Resources — contacto general","Perfiles tecnológicos para operadoras y empresas de servicios de Vaca Muerta","español-industrial","info@patagoniaresources.com.ar","Probable — Consultora especializada en selección energética; enviar CV y solicitar incorporación a su red de talentos.","Enviar CV","ERROR","SMTPDataError: (554, b'6.6.0 Error sending message for delivery.')","/home/jfcrypt/Documents/Proyectos/CVSender/CVSender_state/archivo_eml/errores/2026-07-31/171302_848640_info@patagoniaresources.com.ar_espanol-industrial_0b0789d68ff9.eml"
"2026-07-31T17:13:23-03:00","Nova Servicios Petroleros","Automatización, control de equipos, variadores, electrónica, sistemas embebidos, software técnico e integración tecnológica","español-industrial","dtaylor@novaservicios.com.ar","Derivación — Contacto corporativo oficial; solicitar remisión del CV al responsable de incorporaciones.","Enviar CV","ERROR","SMTPDataError: (554, b'6.6.0 Error sending message for delivery.')","/home/jfcrypt/Documents/Proyectos/CVSender/CVSender_state/archivo_eml/errores/2026-07-31/171320_701161_dtaylor@novaservicios.com.ar_espanol-industrial_6cf54a9ace5f.eml"
"2026-07-31T17:13:40-03:00","Qservices","Desarrollo de software, infraestructura, networking, DevOps, soporte, configuración y gestión de aplicaciones","español-industrial","rrhh@qservices.com.ar","Directo — Enviar CV directamente al área de Recursos Humanos para búsquedas tecnológicas actuales o futuras.","Enviar CV","ERROR","SMTPDataError: (554, b'6.6.0 Error sending message for delivery.')","/home/jfcrypt/Documents/Proyectos/CVSender/CVSender_state/archivo_eml/errores/2026-07-31/171338_178188_rrhh@qservices.com.ar_espanol-industrial_a553661deb9d.eml"
"2026-07-31T17:13:58-03:00","Ketos Delphin Argentina","Desarrollo, infraestructura, soporte, consultoría IT, automatización, gestión de aplicaciones y talent outsourcing","español-industrial","rrhh@ketos-delphin.com","Directo — Enviar CV directamente al canal argentino de Recursos Humanos.","Enviar CV","ERROR","SMTPDataError: (554, b'6.6.0 Error sending message for delivery.')","/home/jfcrypt/Documents/Proyectos/CVSender/CVSender_state/archivo_eml/errores/2026-07-31/171355_979481_rrhh@ketos-delphin.com_espanol-industrial_8e0ef2d2e2e5.eml"
"2026-07-31T17:14:16-03:00","Epidata Argentina","Arquitectura de software, integración, IoT, seguridad, DevOps, automatización, datos, open source y banca digital","español-industrial","info@epidata.net","Derivación — Solicitar que el CV sea remitido al equipo de Talent o selección tecnológica.","Enviar CV","ERROR","SMTPDataError: (554, b'6.6.0 Error sending message for delivery.')","/home/jfcrypt/Documents/Proyectos/CVSender/CVSender_state/archivo_eml/errores/2026-07-31/171413_631004_info@epidata.net_espanol-industrial_41623618f711.eml"
"2026-07-31T17:14:33-03:00","Aliantec","Infraestructura, redes, Linux, desarrollo, DevSecOps, ciberseguridad, datos y selección especializada de perfiles IT","español-industrial","info@aliantec.com","Probable — Consultora especializada en selección IT; enviar CV y solicitar incorporación a su base de candidatos.","Enviar CV","ERROR","SMTPDataError: (554, b'6.6.0 Error sending message for delivery.')","/home/jfcrypt/Documents/Proyectos/CVSender/CVSender_state/archivo_eml/errores/2026-07-31/171431_193885_info@aliantec.com_espanol-industrial_27adac006da7.eml"
"2026-07-31T17:18:15-03:00","ZLT Inversiones","Tecnología e infraestructura para Oil & Gas, minería y logística; sistemas, redes, automatización, datos y ciberseguridad","español-industrial","rrhh@somoszlt.com","Directo — Enviar CV directamente al canal de Recursos Humanos.","Enviar CV","ENVIADO","SMTP aceptó el mensaje","/home/jfcrypt/Documents/Proyectos/CVSender/CVSender_state/archivo_eml/enviados/2026-07-31/171811_402405_rrhh@somoszlt.com_espanol-industrial_6a5a00a7ee5e.eml"
"2026-07-31T17:18:34-03:00","Patagonia Resources","Infraestructura, sistemas, redes, ciberseguridad, automatización y perfiles tecnológicos para empresas energéticas de la Patagonia","español-industrial","busquedas@patagoniaresources.com.ar","Directo — Incorporarse a la base de selección especializada en Oil & Gas y energía.","Enviar CV","ENVIADO","SMTP aceptó el mensaje","/home/jfcrypt/Documents/Proyectos/CVSender/CVSender_state/archivo_eml/enviados/2026-07-31/171830_846622_busquedas@patagoniaresources.com.ar_espanol-industrial_f027f349e18c.eml"
"2026-07-31T17:18:53-03:00","Patagonia Resources — contacto general","Perfiles tecnológicos para operadoras y empresas de servicios de Vaca Muerta","español-industrial","info@patagoniaresources.com.ar","Probable — Consultora especializada en selección energética; enviar CV y solicitar incorporación a su red de talentos.","Enviar CV","ENVIADO","SMTP aceptó el mensaje","/home/jfcrypt/Documents/Proyectos/CVSender/CVSender_state/archivo_eml/enviados/2026-07-31/171849_819533_info@patagoniaresources.com.ar_espanol-industrial_e1d219cf4cf2.eml"
"2026-07-31T17:19:13-03:00","Nova Servicios Petroleros","Automatización, control de equipos, variadores, electrónica, sistemas embebidos, software técnico e integración tecnológica","español-industrial","dtaylor@novaservicios.com.ar","Derivación — Contacto corporativo oficial; solicitar remisión del CV al responsable de incorporaciones.","Enviar CV","ENVIADO","SMTP aceptó el mensaje","/home/jfcrypt/Documents/Proyectos/CVSender/CVSender_state/archivo_eml/enviados/2026-07-31/171908_736530_dtaylor@novaservicios.com.ar_espanol-industrial_be4aedaecf58.eml"
"2026-07-31T17:19:31-03:00","Qservices","Desarrollo de software, infraestructura, networking, DevOps, soporte, configuración y gestión de aplicaciones","español-industrial","rrhh@qservices.com.ar","Directo — Enviar CV directamente al área de Recursos Humanos para búsquedas tecnológicas actuales o futuras.","Enviar CV","ENVIADO","SMTP aceptó el mensaje","/home/jfcrypt/Documents/Proyectos/CVSender/CVSender_state/archivo_eml/enviados/2026-07-31/171928_289808_rrhh@qservices.com.ar_espanol-industrial_198ff8cc4fbb.eml"
"2026-07-31T17:19:49-03:00","Ketos Delphin Argentina","Desarrollo, infraestructura, soporte, consultoría IT, automatización, gestión de aplicaciones y talent outsourcing","español-industrial","rrhh@ketos-delphin.com","Directo — Enviar CV directamente al canal argentino de Recursos Humanos.","Enviar CV","ENVIADO","SMTP aceptó el mensaje","/home/jfcrypt/Documents/Proyectos/CVSender/CVSender_state/archivo_eml/enviados/2026-07-31/171946_618789_rrhh@ketos-delphin.com_espanol-industrial_c1b5b12edc05.eml"
"2026-07-31T17:20:07-03:00","Epidata Argentina","Arquitectura de software, integración, IoT, seguridad, DevOps, automatización, datos, open source y banca digital","español-industrial","info@epidata.net","Derivación — Solicitar que el CV sea remitido al equipo de Talent o selección tecnológica.","Enviar CV","ENVIADO","SMTP aceptó el mensaje","/home/jfcrypt/Documents/Proyectos/CVSender/CVSender_state/archivo_eml/enviados/2026-07-31/172004_345564_info@epidata.net_espanol-industrial_2714a75a80fb.eml"
"2026-07-31T17:20:25-03:00","Aliantec","Infraestructura, redes, Linux, desarrollo, DevSecOps, ciberseguridad, datos y selección especializada de perfiles IT","español-industrial","info@aliantec.com","Probable — Consultora especializada en selección IT; enviar CV y solicitar incorporación a su base de candidatos.","Enviar CV","ENVIADO","SMTP aceptó el mensaje","/home/jfcrypt/Documents/Proyectos/CVSender/CVSender_state/archivo_eml/enviados/2026-07-31/172022_249112_info@aliantec.com_espanol-industrial_22a1f49d8fcc.eml"
"2026-07-31T17:42:36-03:00","Banco Columbia","Ciberseguridad, infraestructura, redes, Linux, desarrollo, datos, automatización, riesgo tecnológico y transformación digital","español-industrial","empleos@bancocolumbia.com.ar","Directo — Enviar CV directamente al canal de Empleos, indicando interés en posiciones tecnológicas.","Enviar CV","ENVIADO","SMTP aceptó el mensaje","/home/jfcrypt/Documents/Proyectos/CVSender/CVSender_state/archivo_eml/enviados/2026-07-31/174232_518967_empleos@bancocolumbia.com.ar_espanol-industrial_101d327d80fe.eml"
"2026-07-31T17:42:54-03:00","Banco Supervielle","Ciberseguridad, infraestructura tecnológica, redes, desarrollo, datos, medios de pago, automatización y continuidad operativa","español-industrial","empleos@supervielle.com.ar","Probable — Correo institucional utilizado para recibir CV; enviar candidatura espontánea orientada a Tecnología.","Enviar CV","ENVIADO","SMTP aceptó el mensaje","/home/jfcrypt/Documents/Proyectos/CVSender/CVSender_state/archivo_eml/enviados/2026-07-31/174251_733473_empleos@supervielle.com.ar_espanol-industrial_1a8c91230d3b.eml"
"2026-07-31T17:43:12-03:00","Banco Macro","Sistemas, infraestructura, redes, ciberseguridad, desarrollo, datos, automatización, medios de pago y transformación digital","español-industrial","empleos@macro.com.ar","Probable — Correo históricamente utilizado por Empleos; enviar CV solicitando consideración para áreas tecnológicas.","Enviar CV","ENVIADO","SMTP aceptó el mensaje","/home/jfcrypt/Documents/Proyectos/CVSender/CVSender_state/archivo_eml/enviados/2026-07-31/174309_558017_empleos@macro.com.ar_espanol-industrial_c29e61257686.eml"
"2026-07-31T17:43:30-03:00","Montemar Compañía Financiera — Casa Matriz Mendoza","Ciberseguridad, redes LAN/WAN/VPN, Linux, virtualización, firewalls, criptografía, desarrollo, datos y transformación digital","español-industrial","recursos.humanos@montemarciafin.com.ar","Directo — Enviar CV directamente a Recursos Humanos para posiciones tecnológicas en Mendoza.","Enviar CV","ENVIADO","SMTP aceptó el mensaje","/home/jfcrypt/Documents/Proyectos/CVSender/CVSender_state/archivo_eml/enviados/2026-07-31/174327_405598_recursos.humanos@montemarciafin.com.ar_espanol-industrial_9fce73bb823e.eml"
"2026-07-31T17:43:47-03:00","AMESUP — Asociación Mutual Empleados Sindicatos Unidos y Privados","Infraestructura IT, redes, seguridad de la información, administración de sistemas, automatización, bases de datos y digitalización de créditos","español-industrial","contacto@amesup.com.ar","Derivación — Contacto institucional oficial; solicitar que el CV sea remitido a Administración o al responsable de Tecnología.","Enviar CV","ENVIADO","SMTP aceptó el mensaje","/home/jfcrypt/Documents/Proyectos/CVSender/CVSender_state/archivo_eml/enviados/2026-07-31/174345_086650_contacto@amesup.com.ar_espanol-industrial_d15b334fccc6.eml"
"2026-07-31T17:44:06-03:00","Mutual Vital","Infraestructura tecnológica, redes, hardware y software, seguridad de datos, sistemas de créditos, automatización y soporte interno","español-industrial","info@mutualvital.com.ar","Derivación — Contacto institucional oficial; solicitar remisión del CV a Administración o Recursos Humanos.","Enviar CV","ENVIADO","SMTP aceptó el mensaje","/home/jfcrypt/Documents/Proyectos/CVSender/CVSender_state/archivo_eml/enviados/2026-07-31/174402_877789_info@mutualvital.com.ar_espanol-industrial_4094bf8d2cb9.eml"
"2026-07-31T17:44:23-03:00","Mutual del Personal del Agua y la Energía de Mendoza","Sistemas de gestión mutual, infraestructura, redes, seguridad, bases de datos, digitalización y soporte tecnológico","español-industrial","mutualaye@mutualaye.com.ar","Derivación — Contacto institucional oficial; solicitar que el CV sea remitido al área administrativa o tecnológica competente.","Enviar CV","ENVIADO","SMTP aceptó el mensaje","/home/jfcrypt/Documents/Proyectos/CVSender/CVSender_state/archivo_eml/enviados/2026-07-31/174421_101308_mutualaye@mutualaye.com.ar_espanol-industrial_3a16d2b25b47.eml"
"2026-07-31T17:44:41-03:00","Applicant","Desarrollo de software, ciberseguridad, infraestructura, redes, Linux, datos, automatización y selección de perfiles IT","español-industrial","cv@applicant.com.ar","Directo — Enviar CV para incorporación a la base regional de perfiles tecnológicos.","Enviar CV","ENVIADO","SMTP aceptó el mensaje","/home/jfcrypt/Documents/Proyectos/CVSender/CVSender_state/archivo_eml/enviados/2026-07-31/174438_913667_cv@applicant.com.ar_espanol-industrial_39c6ae5c44b2.eml"
"2026-07-31T17:44:59-03:00","Consultora Contraluz","Desarrollo, infraestructura, Linux, redes, ciberseguridad, soporte, bases de datos y perfiles IT","español-industrial","rrhh@consultoracontraluz.com.ar","Directo — Enviar CV y remuneración pretendida para futuras propuestas tecnológicas.","Enviar CV","ERROR","SMTPDataError: (554, b'6.6.0 Error sending message for delivery.')","/home/jfcrypt/Documents/Proyectos/CVSender/CVSender_state/archivo_eml/errores/2026-07-31/174456_372224_rrhh@consultoracontraluz.com.ar_espanol-industrial_dc985b31288f.eml"
"2026-07-31T17:45:17-03:00","Umane","Infraestructura, administración de redes y Linux, seguridad informática, NOC, desarrollo, bases de datos y gestión tecnológica","español-industrial","rrhh@umane.com.ar","Directo — Enviar CV directamente para búsquedas de perfiles IT.","Enviar CV","ENVIADO","SMTP aceptó el mensaje","/home/jfcrypt/Documents/Proyectos/CVSender/CVSender_state/archivo_eml/enviados/2026-07-31/174514_329550_rrhh@umane.com.ar_espanol-industrial_8a12d0a31f87.eml"
"2026-07-31T17:45:35-03:00","Zivot Consultora","Sistemas, infraestructura, ciberseguridad, desarrollo, telecomunicaciones, automatización y posiciones técnicas","español-industrial","busquedas@consultorazivot.com","Directo — Enviar CV directamente al canal de búsquedas para Argentina.","Enviar CV","ENVIADO","SMTP aceptó el mensaje","/home/jfcrypt/Documents/Proyectos/CVSender/CVSender_state/archivo_eml/enviados/2026-07-31/174532_320492_busquedas@consultorazivot.com_espanol-industrial_c3aae2392cf0.eml"
"2026-07-31T17:45:52-03:00","SEL Consultores","Tecnología, infraestructura, ciberseguridad, desarrollo, datos, liderazgo técnico y posiciones profesionales","español-industrial","empleos@selconsultores.com","Directo — Enviar CV directamente al canal para postulantes.","Enviar CV","ENVIADO","SMTP aceptó el mensaje","/home/jfcrypt/Documents/Proyectos/CVSender/CVSender_state/archivo_eml/enviados/2026-07-31/174550_154740_empleos@selconsultores.com_espanol-industrial_ed6680df7b1b.eml"
"2026-07-31T17:46:10-03:00","Kaizen Recursos Humanos","Desarrollo, infraestructura, redes, Linux, ciberseguridad, datos, automatización y selección especializada IT","español-industrial","info@kaizenrh.com.ar","Probable — Consultora especializada en profesionales IT; enviar CV y solicitar incorporación a su base.","Enviar CV","ENVIADO","SMTP aceptó el mensaje","/home/jfcrypt/Documents/Proyectos/CVSender/CVSender_state/archivo_eml/enviados/2026-07-31/174607_868085_info@kaizenrh.com.ar_espanol-industrial_acf94772ff09.eml"
"2026-07-31T17:46:28-03:00","López HR Consulting","Desarrollo backend, infraestructura, ciberseguridad, datos, tecnología educativa y posiciones profesionales remotas","español-industrial","info@lopezhr.com","Probable — Consultora con búsquedas tecnológicas y docentes; enviar CV solicitando registro en su base de talentos.","Enviar CV","ENVIADO","SMTP aceptó el mensaje","/home/jfcrypt/Documents/Proyectos/CVSender/CVSender_state/archivo_eml/enviados/2026-07-31/174625_771153_info@lopezhr.com_espanol-industrial_131eb5d72db4.eml"
"2026-07-31T17:46:46-03:00","Talent Bridge","Ingeniería en Sistemas, Oil & Gas, infraestructura, tecnología industrial, redes y perfiles profesionales","español-industrial","consultoria@talentbridgerh.com","Probable — Consultora especializada; enviar CV y solicitar consideración para búsquedas tecnológicas nacionales o remotas.","Enviar CV","ENVIADO","SMTP aceptó el mensaje","/home/jfcrypt/Documents/Proyectos/CVSender/CVSender_state/archivo_eml/enviados/2026-07-31/174643_756946_consultoria@talentbridgerh.com_espanol-industrial_591344c34c8f.eml"
"2026-07-31T17:47:06-03:00","CorporiX HR","Desarrollo, infraestructura, ciberseguridad, sistemas, gestión de proyectos y posiciones tecnológicas de liderazgo","español-industrial","hola@corporixhr.com","Probable — Consultora especializada en reclutamiento IT; solicitar incorporación a su base de candidatos.","Enviar CV","ENVIADO","SMTP aceptó el mensaje","/home/jfcrypt/Documents/Proyectos/CVSender/CVSender_state/archivo_eml/enviados/2026-07-31/174701_485358_hola@corporixhr.com_espanol-industrial_dfa83492204d.eml"
"2026-07-31T17:47:24-03:00","Snoop Consulting","Desarrollo de software, arquitectura, infraestructura, cloud, datos, IA, IoT, ciberseguridad, QA y transformación digital","español-industrial","sumate@snoop.ar","Directo — Enviar CV directamente al canal laboral vigente, indicando las áreas tecnológicas de interés.","Enviar CV","ENVIADO","SMTP aceptó el mensaje","/home/jfcrypt/Documents/Proyectos/CVSender/CVSender_state/archivo_eml/enviados/2026-07-31/174721_830077_sumate@snoop.ar_espanol-industrial_9445f7c739d2.eml"
"2026-07-31T17:47:42-03:00","Pi Data Strategy & Consulting","Ingeniería de datos, ciencia de datos, IA aplicada, desarrollo, analítica, automatización y arquitectura de soluciones","español-industrial","talent@piconsulting.com.ar","Directo — Enviar CV directamente al equipo de Talent para búsquedas nacionales y remotas.","Enviar CV","ERROR","SMTPDataError: (554, b'6.6.0 Error sending message for delivery.')","/home/jfcrypt/Documents/Proyectos/CVSender/CVSender_state/archivo_eml/errores/2026-07-31/174739_781244_talent@piconsulting.com.ar_espanol-industrial_638cb16e414b.eml"
"2026-07-31T17:48:00-03:00","Geatech Consultora IT","Infraestructura, redes, ciberseguridad, desarrollo, soporte, automatización y soluciones tecnológicas empresariales","español-industrial","busquedalaboral@geatech.com.ar","Directo — Enviar CV directamente al canal de búsqueda laboral.","Enviar CV","ERROR","SMTPDataError: (554, b'6.6.0 Error sending message for delivery.')","/home/jfcrypt/Documents/Proyectos/CVSender/CVSender_state/archivo_eml/errores/2026-07-31/174757_783858_busquedalaboral@geatech.com.ar_espanol-industrial_38aa60265ad6.eml"
"2026-07-31T17:48:18-03:00","ConsultoriaIT.com.ar","Desarrollo de software, arquitectura, infraestructura, seguridad, aplicaciones móviles, liderazgo técnico y transformación digital","español-industrial","info@consultoriait.com.ar","Directo — Enviar CV actualizado y remuneración pretendida para búsquedas tecnológicas.","Enviar CV","ERROR","SMTPDataError: (554, b'6.6.0 Error sending message for delivery.')","/home/jfcrypt/Documents/Proyectos/CVSender/CVSender_state/archivo_eml/errores/2026-07-31/174815_795702_info@consultoriait.com.ar_espanol-industrial_6fbb44eda884.eml"
"2026-07-31T17:48:35-03:00","BH Consulting","Consultoría SAP Ariba, integración, transformación digital, gestión de datos maestros, soporte y tecnología empresarial","español-industrial","rrhh@bhconsulting.com.ar","Directo — Enviar CV directamente para incorporación al equipo de consultoría tecnológica.","Enviar CV","ERROR","SMTPDataError: (554, b'6.6.0 Error sending message for delivery.')","/home/jfcrypt/Documents/Proyectos/CVSender/CVSender_state/archivo_eml/errores/2026-07-31/174833_211953_rrhh@bhconsulting.com.ar_espanol-industrial_8192973cb3ed.eml"
"2026-07-31T17:48:53-03:00","ADN Recursos Humanos — Selección IT","Desarrollo, infraestructura, Linux, redes, ciberseguridad, datos, telecomunicaciones y perfiles tecnológicos para empresas clientes","español-industrial","cv@adnrh.com.ar","Directo — Enviar CV para incorporación a la base de búsquedas IT e industriales.","Enviar CV","ERROR","SMTPDataError: (554, b'6.6.0 Error sending message for delivery.')","/home/jfcrypt/Documents/Proyectos/CVSender/CVSender_state/archivo_eml/errores/2026-07-31/174850_879341_cv@adnrh.com.ar_espanol-industrial_2901d54166c5.eml"
"2026-07-31T17:49:11-03:00","Feedback IT","Infraestructura, soporte, administración tecnológica, desarrollo a medida, cloud, seguridad y dirección de áreas IT","español-industrial","info@feedback-it.com","Derivación — Solicitar que el CV sea remitido al área de Recursos Humanos o selección tecnológica.","Enviar CV","ERROR","SMTPDataError: (554, b'6.6.0 Error sending message for delivery.')","/home/jfcrypt/Documents/Proyectos/CVSender/CVSender_state/archivo_eml/errores/2026-07-31/174908_746194_info@feedback-it.com_espanol-industrial_b4a40071daa0.eml"
"2026-07-31T17:49:29-03:00","BelTech","Consultoría IT, desarrollo de software a medida, aplicaciones móviles, soporte e integración de soluciones digitales","español-industrial","administracion@beltech.com.ar","Derivación — Solicitar que el CV sea remitido al responsable de incorporaciones o al equipo técnico.","Enviar CV","ERROR","SMTPDataError: (554, b'6.6.0 Error sending message for delivery.')","/home/jfcrypt/Documents/Proyectos/CVSender/CVSender_state/archivo_eml/errores/2026-07-31/174926_747697_administracion@beltech.com.ar_espanol-industrial_f6e6426b7465.eml"
"2026-07-31T17:49:47-03:00","Stratebi","Business Intelligence, Big Data, bases de datos, desarrollo web, APIs, integración, open source, machine learning y analítica","español-industrial","rrhh@stratebi.com","Directo — Enviar CV para posiciones remotas y solicitar consideración para contratación desde Argentina o proyectos de Latinoamérica.","Enviar CV","ERROR","SMTPDataError: (554, b'6.6.0 Error sending message for delivery.')","/home/jfcrypt/Documents/Proyectos/CVSender/CVSender_state/archivo_eml/errores/2026-07-31/174944_558112_rrhh@stratebi.com_espanol-industrial_27213b612684.eml"
"2026-07-31T17:50:05-03:00","Stratebi — Operaciones Latinoamérica","Datos, BI, ingeniería de datos, desarrollo, integración y soluciones open source para proyectos regionales","español-industrial","americas@stratebi.com","Derivación — Solicitar que el CV sea remitido a Recursos Humanos o al equipo responsable de proyectos latinoamericanos.","Enviar CV","ENVIADO","SMTP aceptó el mensaje","/home/jfcrypt/Documents/Proyectos/CVSender/CVSender_state/archivo_eml/enviados/2026-07-31/175002_162113_americas@stratebi.com_espanol-industrial_a35693a9c7b8.eml"
"2026-07-31T17:50:23-03:00","DQS Consulting","Desarrollo, IT Support, datos, BI, infraestructura, Microsoft, seguridad, automatización y gestión tecnológica","español-industrial","talent@dqsconsulting.com","Directo — Enviar CV al equipo de Talento y consultar expresamente por contratación internacional remota desde Argentina.","Enviar CV","ENVIADO","SMTP aceptó el mensaje","/home/jfcrypt/Documents/Proyectos/CVSender/CVSender_state/archivo_eml/enviados/2026-07-31/175020_318689_talent@dqsconsulting.com_espanol-industrial_3071c982557d.eml"
"2026-07-31T17:50:41-03:00","DQS Consulting — Talent Acquisition","Desarrollo, soporte IT, infraestructura, datos, consultoría tecnológica y posiciones remotas","español-industrial","i.nevot@dqsconsulting.com","Directo — Contacto oficial de Talent Acquisition; realizar un envío separado consultando por modalidad contractor o contratación internacional.","Enviar CV","ENVIADO","SMTP aceptó el mensaje","/home/jfcrypt/Documents/Proyectos/CVSender/CVSender_state/archivo_eml/enviados/2026-07-31/175038_321060_i.nevot@dqsconsulting.com_espanol-industrial_cb07ef63a170.eml"
"2026-07-31T17:50:59-03:00","TECNASA — Tecnologías Asociadas","Automatización, electrónica, software técnico, seguridad y defensa, sistemas embebidos, instrumentación, energía e integración tecnológica","español-industrial","rrhh@tecnasa.es","Directo — Enviar CV directamente y consultar por posiciones remotas o proyectos internacionales compatibles.","Enviar CV","ENVIADO","SMTP aceptó el mensaje","/home/jfcrypt/Documents/Proyectos/CVSender/CVSender_state/archivo_eml/enviados/2026-07-31/175056_259623_rrhh@tecnasa.es_espanol-industrial_a2e9c7f4c153.eml"
"2026-07-31T17:51:18-03:00","Zemsania","Desarrollo, infraestructura, datos, ciberseguridad, cloud, automatización, consultoría IT y proyectos remotos para Latinoamérica","español-industrial","info@zemsania.com","Derivación — Solicitar incorporación a la base de talento y remisión al equipo de selección para proyectos remotos en Latinoamérica.","Enviar CV","ENVIADO","SMTP aceptó el mensaje","/home/jfcrypt/Documents/Proyectos/CVSender/CVSender_state/archivo_eml/enviados/2026-07-31/175114_052155_info@zemsania.com_espanol-industrial_3c8ac11bac28.eml"
"2026-07-31T17:51:38-03:00","OpenSistemas","Data Engineering, IA, software, infraestructura, soporte, cloud, open source y consultoría tecnológica","español-industrial","info@opensistemas.com","Derivación — Solicitar que el CV sea remitido a People/Talent y consultar por posiciones remotas disponibles desde Argentina.","Enviar CV","ENVIADO","SMTP aceptó el mensaje","/home/jfcrypt/Documents/Proyectos/CVSender/CVSender_state/archivo_eml/enviados/2026-07-31/175133_320988_info@opensistemas.com_espanol-industrial_ca4e003a4f8d.eml"
"2026-07-31T17:51:57-03:00","Thaloz","Desarrollo backend, Python, APIs, sistemas distribuidos, infraestructura, DevOps, datos e IA aplicada","ingles","careers@thaloz.com","Directo — Empresa uruguaya remote-first; enviar CV para posiciones actuales o futuras desde Argentina.","CV Submission","ENVIADO","SMTP aceptó el mensaje","/home/jfcrypt/Documents/Proyectos/CVSender/CVSender_state/archivo_eml/enviados/2026-07-31/175153_504711_careers@thaloz.com_ingles_9e0e69f2fd35.eml"
"2026-07-31T17:52:15-03:00","Xseed Solutions","Desarrollo de software, staff augmentation, backend, infraestructura, automatización, datos y servicios tecnológicos","ingles","talent@xseed.com.uy","Directo — Enviar CV al equipo de Talent indicando residencia en Argentina y disponibilidad full remote.","CV Submission","ENVIADO","SMTP aceptó el mensaje","/home/jfcrypt/Documents/Proyectos/CVSender/CVSender_state/archivo_eml/enviados/2026-07-31/175212_356457_talent@xseed.com.uy_ingles_87a64b55b5ab.eml"
"2026-07-31T17:52:33-03:00","Globe Software","Desarrollo de software, arquitectura, cloud, consultoría bancaria, IA, machine learning y staff augmentation","ingles","careers@globe-software.com","Directo — Enviar CV directamente; la empresa tiene operación en Uruguay y Argentina.","CV Submission","ERROR","SMTPDataError: (554, b'6.6.0 Error sending message for delivery.')","/home/jfcrypt/Documents/Proyectos/CVSender/CVSender_state/archivo_eml/errores/2026-07-31/175230_168595_careers@globe-software.com_ingles_cb0a158224e8.eml"
"2026-07-31T17:52:51-03:00","Leniolabs","Desarrollo backend, Python, APIs, infraestructura, datos, automatización y equipos distribuidos internacionales","ingles","jobs@leniolabs.com","Directo — Empresa 100 % remota con oportunidades para Uruguay y otros países latinoamericanos; enviar CV en inglés.","CV Submission","ERROR","SMTPDataError: (554, b'6.6.0 Error sending message for delivery.')","/home/jfcrypt/Documents/Proyectos/CVSender/CVSender_state/archivo_eml/errores/2026-07-31/175248_371900_jobs@leniolabs.com_ingles_0e88cc90134a.eml"
"2026-07-31T17:53:09-03:00","THESE — The Software Evolution","Desarrollo de software, consultoría IT, integración, infraestructura y proyectos para Uruguay, Latinoamérica y Estados Unidos","ingles","rrhh@these.com.uy","Directo — Enviar CV y consultar expresamente por contratación full remote desde Argentina.","CV Submission","ERROR","SMTPDataError: (554, b'6.6.0 Error sending message for delivery.')","/home/jfcrypt/Documents/Proyectos/CVSender/CVSender_state/archivo_eml/errores/2026-07-31/175306_068818_rrhh@these.com.uy_ingles_233901bdcdbc.eml"
"2026-07-31T17:53:26-03:00","Xionna Software","Desarrollo de software, backend, sistemas de gestión, bases de datos, integración y soporte de aplicaciones","español-industrial","cv@xionna.com.uy","Directo — Enviar CV directamente y solicitar consideración para trabajo remoto desde Argentina.","Enviar CV","ERROR","SMTPDataError: (554, b'6.6.0 Error sending message for delivery.')","/home/jfcrypt/Documents/Proyectos/CVSender/CVSender_state/archivo_eml/errores/2026-07-31/175324_241237_cv@xionna.com.uy_espanol-industrial_45b11fbbd0ad.eml"
"2026-07-31T17:53:44-03:00","Dimitris","Desarrollo a medida, Python, inteligencia artificial aplicada, automatización, cloud, DevOps y equipos dedicados","español-industrial","info@dimitris.uy","Derivación — Solicitar que el CV sea remitido al equipo responsable de incorporaciones y consultar por modalidad full remote.","Enviar CV","ERROR","SMTPDataError: (554, b'6.6.0 Error sending message for delivery.')","/home/jfcrypt/Documents/Proyectos/CVSender/CVSender_state/archivo_eml/errores/2026-07-31/175341_888647_info@dimitris.uy_espanol-industrial_8d0c56d0f4bb.eml"
"2026-07-31T17:54:02-03:00","Surlabs","Ingeniería de software, backend, arquitectura, plataformas digitales, infraestructura y evolución de productos","ingles","hello@surlabs.dev","Derivación — Empresa tecnológica con operación remota; solicitar derivación al responsable de selección.","CV Submission","ERROR","SMTPDataError: (554, b'6.6.0 Error sending message for delivery.')","/home/jfcrypt/Documents/Proyectos/CVSender/CVSender_state/archivo_eml/errores/2026-07-31/175359_437485_hello@surlabs.dev_ingles_9a5caa4ded59.eml"
"2026-07-31T17:54:20-03:00","Real Soft Solutions Uruguay","Desarrollo de software, sistemas para turismo, backend, aplicaciones web, integración e infraestructura","español-industrial","info@rss.uy","Derivación — Oficina uruguaya con operación también en Argentina; solicitar remisión del CV al equipo técnico o de selección.","Enviar CV","ERROR","SMTPDataError: (554, b'6.6.0 Error sending message for delivery.')","/home/jfcrypt/Documents/Proyectos/CVSender/CVSender_state/archivo_eml/errores/2026-07-31/175417_354174_info@rss.uy_espanol-industrial_5869fdf08452.eml"
"2026-07-31T17:54:37-03:00","softwareUruguay","Sistemas de gestión, ERP, desarrollo a medida, backend, bases de datos, integración y aplicaciones empresariales","español-industrial","contacto@softwareuruguay.com","Derivación — Solicitar consideración para proyectos remotos o remisión al responsable de incorporaciones.","Enviar CV","ERROR","SMTPDataError: (554, b'6.6.0 Error sending message for delivery.')","/home/jfcrypt/Documents/Proyectos/CVSender/CVSender_state/archivo_eml/errores/2026-07-31/175435_014051_contacto@softwareuruguay.com_espanol-industrial_644449d578a6.eml"
"2026-07-31T17:54:55-03:00","Software Factory 31","Desarrollo backend, sistemas cliente-servidor, Linux, hosting, bases de datos e implementación de soluciones públicas","español-industrial","info@softwarefactory.com.uy","Derivación — Solicitar que el CV sea remitido al equipo de desarrollo y consultar por trabajo remoto desde Argentina.","Enviar CV","ERROR","SMTPDataError: (554, b'6.6.0 Error sending message for delivery.')","/home/jfcrypt/Documents/Proyectos/CVSender/CVSender_state/archivo_eml/errores/2026-07-31/175452_663179_info@softwarefactory.com.uy_espanol-industrial_89004d72587a.eml"
"2026-07-31T17:55:13-03:00","UY Software","ERP, core bancario, gobierno electrónico, CRM, recursos humanos, implantación e integración de sistemas","español-industrial","info@uysoftware.com","Derivación — Solicitar remisión del CV al área de Recursos Humanos o dirección técnica.","Enviar CV","ENVIADO","SMTP aceptó el mensaje","/home/jfcrypt/Documents/Proyectos/CVSender/CVSender_state/archivo_eml/enviados/2026-07-31/175510_502759_info@uysoftware.com_espanol-industrial_6d0a0318d944.eml"
"2026-07-31T17:55:31-03:00","UY Software — Sistemas","Infraestructura, implantación, administración de sistemas, soporte, integración y software empresarial","español-industrial","sistemas@uysoftware.com","Probable — Área técnica directamente vinculada; enviar CV solicitando consideración para infraestructura o desarrollo.","Enviar CV","ENVIADO","SMTP aceptó el mensaje","/home/jfcrypt/Documents/Proyectos/CVSender/CVSender_state/archivo_eml/enviados/2026-07-31/175528_606678_sistemas@uysoftware.com_espanol-industrial_8bcf181a3320.eml"
"2026-07-31T17:55:49-03:00","Devions","Python, IA aplicada, modelos de lenguaje, backend, cloud, Docker, Kubernetes, automatización y analítica","ingles","contacto@devions.uy","Derivación — Solicitar remisión al equipo técnico o de selección y consultar por contratación full remote.","CV Submission","ENVIADO","SMTP aceptó el mensaje","/home/jfcrypt/Documents/Proyectos/CVSender/CVSender_state/archivo_eml/enviados/2026-07-31/175546_185645_contacto@devions.uy_ingles_c57c9a7c9bad.eml"
"2026-07-31T17:56:06-03:00","Dequeue Factory","Desarrollo web y mobile, software factory, backend, integración y soluciones digitales","español-industrial","contacto@dequeuefactory.com","Derivación — Contacto oficial publicado por Uruguay XXI; solicitar consideración o remisión al responsable de incorporaciones.","Enviar CV","ENVIADO","SMTP aceptó el mensaje","/home/jfcrypt/Documents/Proyectos/CVSender/CVSender_state/archivo_eml/enviados/2026-07-31/175604_450059_contacto@dequeuefactory.com_espanol-industrial_d7d22e41c0a5.eml"
"2026-07-31T19:34:07-03:00","Consultora Contraluz","Desarrollo, infraestructura, Linux, redes, ciberseguridad, soporte, bases de datos y perfiles IT","español-industrial","rrhh@consultoracontraluz.com.ar","Directo — Enviar CV y remuneración pretendida para futuras propuestas tecnológicas.","Enviar CV","ENVIADO","SMTP aceptó el mensaje","/home/jfcrypt/Documents/Proyectos/CVSender/CVSender_state/archivo_eml/enviados/2026-07-31/193404_958965_rrhh@consultoracontraluz.com.ar_espanol-industrial_71a7d8240adf.eml"
"2026-07-31T19:34:25-03:00","Pi Data Strategy & Consulting","Ingeniería de datos, ciencia de datos, IA aplicada, desarrollo, analítica, automatización y arquitectura de soluciones","español-industrial","talent@piconsulting.com.ar","Directo — Enviar CV directamente al equipo de Talent para búsquedas nacionales y remotas.","Enviar CV","ENVIADO","SMTP aceptó el mensaje","/home/jfcrypt/Documents/Proyectos/CVSender/CVSender_state/archivo_eml/enviados/2026-07-31/193422_877357_talent@piconsulting.com.ar_espanol-industrial_82bdeb25f51d.eml"
"2026-07-31T19:34:43-03:00","Geatech Consultora IT","Infraestructura, redes, ciberseguridad, desarrollo, soporte, automatización y soluciones tecnológicas empresariales","español-industrial","busquedalaboral@geatech.com.ar","Directo — Enviar CV directamente al canal de búsqueda laboral.","Enviar CV","ENVIADO","SMTP aceptó el mensaje","/home/jfcrypt/Documents/Proyectos/CVSender/CVSender_state/archivo_eml/enviados/2026-07-31/193440_731243_busquedalaboral@geatech.com.ar_espanol-industrial_84bd1562d1e1.eml"
"2026-07-31T19:35:00-03:00","ConsultoriaIT.com.ar","Desarrollo de software, arquitectura, infraestructura, seguridad, aplicaciones móviles, liderazgo técnico y transformación digital","español-industrial","info@consultoriait.com.ar","Directo — Enviar CV actualizado y remuneración pretendida para búsquedas tecnológicas.","Enviar CV","ENVIADO","SMTP aceptó el mensaje","/home/jfcrypt/Documents/Proyectos/CVSender/CVSender_state/archivo_eml/enviados/2026-07-31/193458_378047_info@consultoriait.com.ar_espanol-industrial_d85826c3e49c.eml"
"2026-07-31T19:35:18-03:00","BH Consulting","Consultoría SAP Ariba, integración, transformación digital, gestión de datos maestros, soporte y tecnología empresarial","español-industrial","rrhh@bhconsulting.com.ar","Directo — Enviar CV directamente para incorporación al equipo de consultoría tecnológica.","Enviar CV","ENVIADO","SMTP aceptó el mensaje","/home/jfcrypt/Documents/Proyectos/CVSender/CVSender_state/archivo_eml/enviados/2026-07-31/193515_881445_rrhh@bhconsulting.com.ar_espanol-industrial_7e4b100267f3.eml"
"2026-07-31T19:35:35-03:00","ADN Recursos Humanos — Selección IT","Desarrollo, infraestructura, Linux, redes, ciberseguridad, datos, telecomunicaciones y perfiles tecnológicos para empresas clientes","español-industrial","cv@adnrh.com.ar","Directo — Enviar CV para incorporación a la base de búsquedas IT e industriales.","Enviar CV","ENVIADO","SMTP aceptó el mensaje","/home/jfcrypt/Documents/Proyectos/CVSender/CVSender_state/archivo_eml/enviados/2026-07-31/193533_447286_cv@adnrh.com.ar_espanol-industrial_41652e1dee3e.eml"
"2026-07-31T19:35:53-03:00","Feedback IT","Infraestructura, soporte, administración tecnológica, desarrollo a medida, cloud, seguridad y dirección de áreas IT","español-industrial","info@feedback-it.com","Derivación — Solicitar que el CV sea remitido al área de Recursos Humanos o selección tecnológica.","Enviar CV","ENVIADO","SMTP aceptó el mensaje","/home/jfcrypt/Documents/Proyectos/CVSender/CVSender_state/archivo_eml/enviados/2026-07-31/193550_918717_info@feedback-it.com_espanol-industrial_06140b24abc5.eml"
"2026-07-31T19:36:11-03:00","BelTech","Consultoría IT, desarrollo de software a medida, aplicaciones móviles, soporte e integración de soluciones digitales","español-industrial","administracion@beltech.com.ar","Derivación — Solicitar que el CV sea remitido al responsable de incorporaciones o al equipo técnico.","Enviar CV","ENVIADO","SMTP aceptó el mensaje","/home/jfcrypt/Documents/Proyectos/CVSender/CVSender_state/archivo_eml/enviados/2026-07-31/193608_539825_administracion@beltech.com.ar_espanol-industrial_3bdd8ba846b6.eml"
"2026-07-31T19:36:29-03:00","Stratebi","Business Intelligence, Big Data, bases de datos, desarrollo web, APIs, integración, open source, machine learning y analítica","español-industrial","rrhh@stratebi.com","Directo — Enviar CV para posiciones remotas y solicitar consideración para contratación desde Argentina o proyectos de Latinoamérica.","Enviar CV","ENVIADO","SMTP aceptó el mensaje","/home/jfcrypt/Documents/Proyectos/CVSender/CVSender_state/archivo_eml/enviados/2026-07-31/193626_372196_rrhh@stratebi.com_espanol-industrial_c3ea675aab86.eml"
"2026-07-31T19:36:47-03:00","Globe Software","Desarrollo de software, arquitectura, cloud, consultoría bancaria, IA, machine learning y staff augmentation","ingles","careers@globe-software.com","Directo — Enviar CV directamente; la empresa tiene operación en Uruguay y Argentina.","CV Submission","ENVIADO","SMTP aceptó el mensaje","/home/jfcrypt/Documents/Proyectos/CVSender/CVSender_state/archivo_eml/enviados/2026-07-31/193644_361385_careers@globe-software.com_ingles_1521d37b84dd.eml"
"2026-07-31T19:37:04-03:00","Leniolabs","Desarrollo backend, Python, APIs, infraestructura, datos, automatización y equipos distribuidos internacionales","ingles","jobs@leniolabs.com","Directo — Empresa 100 % remota con oportunidades para Uruguay y otros países latinoamericanos; enviar CV en inglés.","CV Submission","ENVIADO","SMTP aceptó el mensaje","/home/jfcrypt/Documents/Proyectos/CVSender/CVSender_state/archivo_eml/enviados/2026-07-31/193702_151813_jobs@leniolabs.com_ingles_901ea427d57b.eml"
"2026-07-31T19:37:22-03:00","THESE — The Software Evolution","Desarrollo de software, consultoría IT, integración, infraestructura y proyectos para Uruguay, Latinoamérica y Estados Unidos","ingles","rrhh@these.com.uy","Directo — Enviar CV y consultar expresamente por contratación full remote desde Argentina.","CV Submission","ENVIADO","SMTP aceptó el mensaje","/home/jfcrypt/Documents/Proyectos/CVSender/CVSender_state/archivo_eml/enviados/2026-07-31/193719_843080_rrhh@these.com.uy_ingles_a516db7c9eae.eml"
"2026-07-31T19:37:41-03:00","Xionna Software","Desarrollo de software, backend, sistemas de gestión, bases de datos, integración y soporte de aplicaciones","español-industrial","cv@xionna.com.uy","Directo — Enviar CV directamente y solicitar consideración para trabajo remoto desde Argentina.","Enviar CV","ERROR","SMTPDataError: (554, b'6.6.0 Error sending message for delivery.')","/home/jfcrypt/Documents/Proyectos/CVSender/CVSender_state/archivo_eml/errores/2026-07-31/193737_276912_cv@xionna.com.uy_espanol-industrial_18218e5637d2.eml"
"2026-07-31T19:37:58-03:00","Dimitris","Desarrollo a medida, Python, inteligencia artificial aplicada, automatización, cloud, DevOps y equipos dedicados","español-industrial","info@dimitris.uy","Derivación — Solicitar que el CV sea remitido al equipo responsable de incorporaciones y consultar por modalidad full remote.","Enviar CV","ERROR","SMTPDataError: (554, b'6.6.0 Error sending message for delivery.')","/home/jfcrypt/Documents/Proyectos/CVSender/CVSender_state/archivo_eml/errores/2026-07-31/193756_381961_info@dimitris.uy_espanol-industrial_80743a797732.eml"
"2026-07-31T19:38:16-03:00","Surlabs","Ingeniería de software, backend, arquitectura, plataformas digitales, infraestructura y evolución de productos","ingles","hello@surlabs.dev","Derivación — Empresa tecnológica con operación remota; solicitar derivación al responsable de selección.","CV Submission","ERROR","SMTPDataError: (554, b'6.6.0 Error sending message for delivery.')","/home/jfcrypt/Documents/Proyectos/CVSender/CVSender_state/archivo_eml/errores/2026-07-31/193813_951598_hello@surlabs.dev_ingles_0995731150cc.eml"
"2026-07-31T19:38:33-03:00","Real Soft Solutions Uruguay","Desarrollo de software, sistemas para turismo, backend, aplicaciones web, integración e infraestructura","español-industrial","info@rss.uy","Derivación — Oficina uruguaya con operación también en Argentina; solicitar remisión del CV al equipo técnico o de selección.","Enviar CV","ERROR","SMTPDataError: (554, b'6.6.0 Error sending message for delivery.')","/home/jfcrypt/Documents/Proyectos/CVSender/CVSender_state/archivo_eml/errores/2026-07-31/193831_553842_info@rss.uy_espanol-industrial_31dbae09fc66.eml"
"2026-07-31T19:38:51-03:00","softwareUruguay","Sistemas de gestión, ERP, desarrollo a medida, backend, bases de datos, integración y aplicaciones empresariales","español-industrial","contacto@softwareuruguay.com","Derivación — Solicitar consideración para proyectos remotos o remisión al responsable de incorporaciones.","Enviar CV","ERROR","SMTPDataError: (554, b'6.6.0 Error sending message for delivery.')","/home/jfcrypt/Documents/Proyectos/CVSender/CVSender_state/archivo_eml/errores/2026-07-31/193848_981125_contacto@softwareuruguay.com_espanol-industrial_07be43c891cc.eml"
"2026-07-31T19:39:09-03:00","Software Factory 31","Desarrollo backend, sistemas cliente-servidor, Linux, hosting, bases de datos e implementación de soluciones públicas","español-industrial","info@softwarefactory.com.uy","Derivación — Solicitar que el CV sea remitido al equipo de desarrollo y consultar por trabajo remoto desde Argentina.","Enviar CV","ERROR","SMTPDataError: (554, b'6.6.0 Error sending message for delivery.')","/home/jfcrypt/Documents/Proyectos/CVSender/CVSender_state/archivo_eml/errores/2026-07-31/193906_438557_info@softwarefactory.com.uy_espanol-industrial_6aa23889cd99.eml"
"2026-07-31T19:39:26-03:00","Empresa Argentina de Navegación Aérea — EANA","Infraestructura crítica, telecomunicaciones aeronáuticas, redes, Linux, software, ciberseguridad, sistemas CNS/ATM, automatización y datos","español-industrial","seleccion@eana.com.ar","Directo — Enviar CV indicando interés en Tecnología, Sistemas, Telecomunicaciones o Infraestructura.","Enviar CV","ERROR","SMTPDataError: (554, b'6.6.0 Error sending message for delivery.')","/home/jfcrypt/Documents/Proyectos/CVSender/CVSender_state/archivo_eml/errores/2026-07-31/193924_175992_seleccion@eana.com.ar_espanol-industrial_1a6590442a1f.eml"
"2026-07-31T19:39:43-03:00","Aerolíneas Argentinas","Seguridad informática, infraestructura, Linux/Unix, gestión de accesos, redes, desarrollo, datos, sistemas corporativos y automatización","español-industrial","oportunidades-laborales@aerolineas.com.ar","Probable — Canal utilizado por Selección para búsquedas IT; enviar CV como postulación espontánea tecnológica.","Enviar CV","ERROR","SMTPDataError: (554, b'6.6.0 Error sending message for delivery.')","/home/jfcrypt/Documents/Proyectos/CVSender/CVSender_state/archivo_eml/errores/2026-07-31/193941_603549_oportunidades-laborales@aerolineas.com.ar_espanol-industrial_f8198307dd46.eml"
"2026-07-31T19:40:01-03:00","JetSMART Airlines — Talento","Sistemas, infraestructura aeroportuaria, ciberseguridad, datos, desarrollo, telecomunicaciones y transformación digital","español-industrial","talentsmart@jetsmart.com","Probable — Canal regional de Talento; enviar CV indicando disponibilidad para posiciones tecnológicas en Argentina.","Enviar CV","ERROR","SMTPDataError: (554, b'6.6.0 Error sending message for delivery.')","/home/jfcrypt/Documents/Proyectos/CVSender/CVSender_state/archivo_eml/errores/2026-07-31/193958_993576_talentsmart@jetsmart.com_espanol-industrial_a4bb31f88249.eml"
"2026-07-31T19:40:19-03:00","JetSMART Airlines — Selección","Sistemas de operación aérea, infraestructura, redes, software, seguridad, telecomunicaciones y soporte tecnológico","español-industrial","seleccion@jetsmart.com","Probable — Correo histórico de Selección; solicitar consideración o derivación a Tecnología en Argentina.","Enviar CV","ENVIADO","SMTP aceptó el mensaje","/home/jfcrypt/Documents/Proyectos/CVSender/CVSender_state/archivo_eml/enviados/2026-07-31/194016_711474_seleccion@jetsmart.com_espanol-industrial_19fd5800f9b9.eml"
"2026-07-31T19:40:37-03:00","Intercargo","Infraestructura aeroportuaria, sistemas operativos, redes, telecomunicaciones, hardware, software, automatización y ciberseguridad","español-industrial","empleos@intercargo.com.ar","Probable — Canal laboral publicado para áreas operativas o administrativas; indicar expresamente interés en Sistemas o Tecnología.","Enviar CV","ENVIADO","SMTP aceptó el mensaje","/home/jfcrypt/Documents/Proyectos/CVSender/CVSender_state/archivo_eml/enviados/2026-07-31/194034_513616_empleos@intercargo.com.ar_espanol-industrial_be7c5f5b3f60.eml"
"2026-07-31T19:40:55-03:00","Newair","Electrónica aeronáutica, mantenimiento tecnológico, infraestructura, redes, sistemas de diagnóstico, software técnico y automatización","español-industrial","info@newair.aero","Probable — La gerencia utiliza el correo para recibir CV; enviar candidatura orientada al área tecnológica.","Enviar CV","ENVIADO","SMTP aceptó el mensaje","/home/jfcrypt/Documents/Proyectos/CVSender/CVSender_state/archivo_eml/enviados/2026-07-31/194052_428299_info@newair.aero_espanol-industrial_23ef415a0272.eml"
"2026-07-31T19:41:13-03:00","CrossRacer — Operación aeroportuaria","Sistemas aeroportuarios, infraestructura, redes, software logístico, seguridad, datos, automatización y continuidad operativa","español-industrial","crossracer@crossracer.aero","Derivación — Solicitar que el CV sea remitido a Recursos Humanos o al responsable de Tecnología.","Enviar CV","ENVIADO","SMTP aceptó el mensaje","/home/jfcrypt/Documents/Proyectos/CVSender/CVSender_state/archivo_eml/enviados/2026-07-31/194110_693939_crossracer@crossracer.aero_espanol-industrial_ba820c71a604.eml"
"2026-07-31T19:42:36-03:00","Xionna Software","Desarrollo de software, backend, sistemas de gestión, bases de datos, integración y soporte de aplicaciones","español-industrial","cv@xionna.com.uy","Directo — Enviar CV directamente y solicitar consideración para trabajo remoto desde Argentina.","Enviar CV","ENVIADO","SMTP aceptó el mensaje","/home/jfcrypt/Documents/Proyectos/CVSender/CVSender_state/archivo_eml/enviados/2026-07-31/194232_806158_cv@xionna.com.uy_espanol-industrial_df5c90d42615.eml"
"2026-07-31T19:42:53-03:00","Dimitris","Desarrollo a medida, Python, inteligencia artificial aplicada, automatización, cloud, DevOps y equipos dedicados","español-industrial","info@dimitris.uy","Derivación — Solicitar que el CV sea remitido al equipo responsable de incorporaciones y consultar por modalidad full remote.","Enviar CV","ENVIADO","SMTP aceptó el mensaje","/home/jfcrypt/Documents/Proyectos/CVSender/CVSender_state/archivo_eml/enviados/2026-07-31/194251_192074_info@dimitris.uy_espanol-industrial_db41b13b2201.eml"
"2026-07-31T19:43:11-03:00","Surlabs","Ingeniería de software, backend, arquitectura, plataformas digitales, infraestructura y evolución de productos","ingles","hello@surlabs.dev","Derivación — Empresa tecnológica con operación remota; solicitar derivación al responsable de selección.","CV Submission","ENVIADO","SMTP aceptó el mensaje","/home/jfcrypt/Documents/Proyectos/CVSender/CVSender_state/archivo_eml/enviados/2026-07-31/194308_959724_hello@surlabs.dev_ingles_b959b94147ca.eml"
"2026-07-31T19:43:29-03:00","Real Soft Solutions Uruguay","Desarrollo de software, sistemas para turismo, backend, aplicaciones web, integración e infraestructura","español-industrial","info@rss.uy","Derivación — Oficina uruguaya con operación también en Argentina; solicitar remisión del CV al equipo técnico o de selección.","Enviar CV","ENVIADO","SMTP aceptó el mensaje","/home/jfcrypt/Documents/Proyectos/CVSender/CVSender_state/archivo_eml/enviados/2026-07-31/194326_823040_info@rss.uy_espanol-industrial_3652d8253d60.eml"
"2026-07-31T19:43:47-03:00","softwareUruguay","Sistemas de gestión, ERP, desarrollo a medida, backend, bases de datos, integración y aplicaciones empresariales","español-industrial","contacto@softwareuruguay.com","Derivación — Solicitar consideración para proyectos remotos o remisión al responsable de incorporaciones.","Enviar CV","ERROR","SMTPDataError: (554, b'6.6.0 Error sending message for delivery.')","/home/jfcrypt/Documents/Proyectos/CVSender/CVSender_state/archivo_eml/errores/2026-07-31/194344_570455_contacto@softwareuruguay.com_espanol-industrial_887dab10aef9.eml"
"2026-07-31T19:44:05-03:00","Software Factory 31","Desarrollo backend, sistemas cliente-servidor, Linux, hosting, bases de datos e implementación de soluciones públicas","español-industrial","info@softwarefactory.com.uy","Derivación — Solicitar que el CV sea remitido al equipo de desarrollo y consultar por trabajo remoto desde Argentina.","Enviar CV","ERROR","SMTPDataError: (554, b'6.6.0 Error sending message for delivery.')","/home/jfcrypt/Documents/Proyectos/CVSender/CVSender_state/archivo_eml/errores/2026-07-31/194402_309034_info@softwarefactory.com.uy_espanol-industrial_5d76c7a4209a.eml"
"2026-07-31T19:44:23-03:00","Empresa Argentina de Navegación Aérea — EANA","Infraestructura crítica, telecomunicaciones aeronáuticas, redes, Linux, software, ciberseguridad, sistemas CNS/ATM, automatización y datos","español-industrial","seleccion@eana.com.ar","Directo — Enviar CV indicando interés en Tecnología, Sistemas, Telecomunicaciones o Infraestructura.","Enviar CV","ERROR","SMTPDataError: (554, b'6.6.0 Error sending message for delivery.')","/home/jfcrypt/Documents/Proyectos/CVSender/CVSender_state/archivo_eml/errores/2026-07-31/194420_314402_seleccion@eana.com.ar_espanol-industrial_8b2af8f34eb7.eml"
"2026-07-31T19:44:41-03:00","Aerolíneas Argentinas","Seguridad informática, infraestructura, Linux/Unix, gestión de accesos, redes, desarrollo, datos, sistemas corporativos y automatización","español-industrial","oportunidades-laborales@aerolineas.com.ar","Probable — Canal utilizado por Selección para búsquedas IT; enviar CV como postulación espontánea tecnológica.","Enviar CV","ERROR","SMTPDataError: (554, b'6.6.0 Error sending message for delivery.')","/home/jfcrypt/Documents/Proyectos/CVSender/CVSender_state/archivo_eml/errores/2026-07-31/194438_912904_oportunidades-laborales@aerolineas.com.ar_espanol-industrial_51cef06cc2c1.eml"
"2026-07-31T19:44:58-03:00","JetSMART Airlines — Talento","Sistemas, infraestructura aeroportuaria, ciberseguridad, datos, desarrollo, telecomunicaciones y transformación digital","español-industrial","talentsmart@jetsmart.com","Probable — Canal regional de Talento; enviar CV indicando disponibilidad para posiciones tecnológicas en Argentina.","Enviar CV","ERROR","SMTPDataError: (554, b'6.6.0 Error sending message for delivery.')","/home/jfcrypt/Documents/Proyectos/CVSender/CVSender_state/archivo_eml/errores/2026-07-31/194456_320363_talentsmart@jetsmart.com_espanol-industrial_8610fc73526b.eml"
"2026-07-31T19:45:27-03:00","softwareUruguay","Sistemas de gestión, ERP, desarrollo a medida, backend, bases de datos, integración y aplicaciones empresariales","español-industrial","contacto@softwareuruguay.com","Derivación — Solicitar consideración para proyectos remotos o remisión al responsable de incorporaciones.","Enviar CV","ENVIADO","SMTP aceptó el mensaje","/home/jfcrypt/Documents/Proyectos/CVSender/CVSender_state/archivo_eml/enviados/2026-07-31/194524_988638_contacto@softwareuruguay.com_espanol-industrial_81c105017621.eml"
"2026-07-31T19:45:44-03:00","Software Factory 31","Desarrollo backend, sistemas cliente-servidor, Linux, hosting, bases de datos e implementación de soluciones públicas","español-industrial","info@softwarefactory.com.uy","Derivación — Solicitar que el CV sea remitido al equipo de desarrollo y consultar por trabajo remoto desde Argentina.","Enviar CV","ENVIADO","SMTP aceptó el mensaje","/home/jfcrypt/Documents/Proyectos/CVSender/CVSender_state/archivo_eml/enviados/2026-07-31/194542_484466_info@softwarefactory.com.uy_espanol-industrial_e2ed80a5adee.eml"
"2026-07-31T19:46:03-03:00","Empresa Argentina de Navegación Aérea — EANA","Infraestructura crítica, telecomunicaciones aeronáuticas, redes, Linux, software, ciberseguridad, sistemas CNS/ATM, automatización y datos","español-industrial","seleccion@eana.com.ar","Directo — Enviar CV indicando interés en Tecnología, Sistemas, Telecomunicaciones o Infraestructura.","Enviar CV","ENVIADO","SMTP aceptó el mensaje","/home/jfcrypt/Documents/Proyectos/CVSender/CVSender_state/archivo_eml/enviados/2026-07-31/194559_881479_seleccion@eana.com.ar_espanol-industrial_f4b155216e8b.eml"
"2026-07-31T19:46:21-03:00","Aerolíneas Argentinas","Seguridad informática, infraestructura, Linux/Unix, gestión de accesos, redes, desarrollo, datos, sistemas corporativos y automatización","español-industrial","oportunidades-laborales@aerolineas.com.ar","Probable — Canal utilizado por Selección para búsquedas IT; enviar CV como postulación espontánea tecnológica.","Enviar CV","ENVIADO","SMTP aceptó el mensaje","/home/jfcrypt/Documents/Proyectos/CVSender/CVSender_state/archivo_eml/enviados/2026-07-31/194618_241608_oportunidades-laborales@aerolineas.com.ar_espanol-industrial_61a27a3bcbf1.eml"
"2026-07-31T19:46:38-03:00","Real Soft Solutions Uruguay","Desarrollo de software, sistemas para turismo, backend, aplicaciones web, integración e infraestructura","español-industrial","info@rss.uy","Derivación — Oficina uruguaya con operación también en Argentina; solicitar remisión del CV al equipo técnico o de selección.","Enviar CV","ENVIADO","SMTP aceptó el mensaje","/home/jfcrypt/Documents/Proyectos/CVSender/CVSender_state/archivo_eml/enviados/2026-07-31/194636_178240_info@rss.uy_espanol-industrial_253d0ef83a89.eml"
